id,date,store_nbr,family,onpromotion,sales
0,2017-01-01,1,GROCERY I,0,331.909
1,2017-01-02,1,GROCERY I,0,361.414
2,2017-01-03,1,GROCERY I,10,629.537
3,2017-01-04,1,GROCERY I,0,332.03
4,2017-01-05,1,GROCERY I,0,198.149
5,2017-01-06,1,GROCERY I,4,238.9
6,2017-01-07,1,GROCERY I,0,315.809
7,2017-01-08,1,GROCERY I,0,227.084
8,2017-01-09,1,GROCERY I,0,500.422
9,2017-01-10,1,GROCERY I,0,296.041
10,2017-01-11,1,GROCERY I,0,290.033
11,2017-01-12,1,GROCERY I,0,271.286
12,2017-01-13,1,GROCERY I,0,292.089
13,2017-01-14,1,GROCERY I,0,315.959
14,2017-01-15,1,GROCERY I,0,294.243
15,2017-01-16,1,GROCERY I,0,312.728
16,2017-01-17,1,GROCERY I,0,425.443
17,2017-01-18,1,GROCERY I,0,320.536
18,2017-01-19,1,GROCERY I,0,232.589
19,2017-01-20,1,GROCERY I,0,280.951
20,2017-01-21,1,GROCERY I,0,243.965
21,2017-01-22,1,GROCERY I,0,193.409
22,2017-01-23,1,GROCERY I,3,345.906
23,2017-01-24,1,GROCERY I,0,317.019
24,2017-01-25,1,GROCERY I,0,317.387
25,2017-01-26,1,GROCERY I,0,312.907
26,2017-01-27,1,GROCERY I,0,286.27
27,2017-01-28,1,GROCERY I,0,387.733
28,2017-01-29,1,GROCERY I,0,259.858
29,2017-01-30,1,GROCERY I,0,258.727
30,2017-01-31,1,GROCERY I,0,323.649
31,2017-02-01,1,GROCERY I,0,324.955
32,2017-02-02,1,GROCERY I,0,323.988
33,2017-02-03,1,GROCERY I,0,251.646
34,2017-02-04,1,GROCERY I,0,278.061
35,2017-02-05,1,GROCERY I,0,293.987
36,2017-02-06,1,GROCERY I,0,334.939
37,2017-02-07,1,GROCERY I,0,416.437
38,2017-02-08,1,GROCERY I,0,326.665
39,2017-02-09,1,GROCERY I,0,223.75
40,2017-02-10,1,GROCERY I,0,294.521
41,2017-02-11,1,GROCERY I,0,217.503
42,2017-02-12,1,GROCERY I,0,397.73
43,2017-02-13,1,GROCERY I,0,338.527
44,2017-02-14,1,GROCERY I,0,303.359
45,2017-02-15,1,GROCERY I,0,281.84
46,2017-02-16,1,GROCERY I,0,318.92
47,2017-02-17,1,GROCERY I,0,188.155
48,2017-02-18,1,GROCERY I,0,338.122
49,2017-02-19,1,GROCERY I,0,265.385
50,2017-02-20,1,GROCERY I,0,350.877
51,2017-02-21,1,GROCERY I,0,360.708
52,2017-02-22,1,GROCERY I,11,445.195
53,2017-02-23,1,GROCERY I,0,238.289
54,2017-02-24,1,GROCERY I,0,270.495
55,2017-02-25,1,GROCERY I,0,349.051
56,2017-02-26,1,GROCERY I,0,312.366
57,2017-02-27,1,GROCERY I,0,458.035
58,2017-02-28,1,GROCERY I,0,485.373
59,2017-03-01,1,GROCERY I,0,198.187
60,2017-03-02,1,GROCERY I,0,256.14
61,2017-03-03,1,GROCERY I,0,244.905
62,2017-03-04,1,GROCERY I,0,219.993
63,2017-03-05,1,GROCERY I,10,588.731
64,2017-03-06,1,GROCERY I,0,468.371
65,2017-03-07,1,GROCERY I,0,308.124
66,2017-03-08,1,GROCERY I,0,224.078
67,2017-03-09,1,GROCERY I,0,256.824
68,2017-03-10,1,GROCERY I,0,349.666
69,2017-03-11,1,GROCERY I,2,346.586
70,2017-03-12,1,GROCERY I,4,405.587
71,2017-03-13,1,GROCERY I,0,305.361
72,2017-03-14,1,GROCERY I,0,278.324
73,2017-03-15,1,GROCERY I,0,349.76
74,2017-03-16,1,GROCERY I,0,300.499
75,2017-03-17,1,GROCERY I,0,163.221
76,2017-03-18,1,GROCERY I,0,236.396
77,2017-03-19,1,GROCERY I,0,345.923
78,2017-03-20,1,GROCERY I,0,346.921
79,2017-03-21,1,GROCERY I,0,351.078
80,2017-03-22,1,GROCERY I,0,342.417
81,2017-03-23,1,GROCERY I,0,250.845
82,2017-03-24,1,GROCERY I,0,239.46
83,2017-03-25,1,GROCERY I,0,309.931
84,2017-03-26,1,GROCERY I,5,385.98
85,2017-03-27,1,GROCERY I,0,309.68
86,2017-03-28,1,GROCERY I,11,530.429
87,2017-03-29,1,GROCERY I,11,378.843
88,2017-03-30,1,GROCERY I,11,499.569
89,2017-03-31,1,GROCERY I,0,287.456
90,2017-04-01,1,GROCERY I,7,506.509
91,2017-04-02,1,GROCERY I,0,252.615
92,2017-04-03,1,GROCERY I,0,363.698
93,2017-04-04,1,GROCERY I,5,520.086
94,2017-04-05,1,GROCERY I,0,294.591
95,2017-04-06,1,GROCERY I,0,207.939
96,2017-04-07,1,GROCERY I,0,215.454
97,2017-04-08,1,GROCERY I,0,329.326
98,2017-04-09,1,GROCERY I,0,252.056
99,2017-04-10,1,GROCERY I,0,340.578
100,2017-04-11,1,GROCERY I,0,267.657
101,2017-04-12,1,GROCERY I,0,309.204
102,2017-04-13,1,GROCERY I,4,382.363
103,2017-04-14,1,GROCERY I,2,449.233
104,2017-04-15,1,GROCERY I,2,241.371
105,2017-04-16,1,GROCERY I,0,368.545
106,2017-04-17,1,GROCERY I,0,329.509
107,2017-04-18,1,GROCERY I,0,452.5
108,2017-04-19,1,GROCERY I,0,260.538
109,2017-04-20,1,GROCERY I,0,261.074
110,2017-04-21,1,GROCERY I,0,357.126
111,2017-04-22,1,GROCERY I,0,227.751
112,2017-04-23,1,GROCERY I,0,322.283
113,2017-04-24,1,GROCERY I,0,362.906
114,2017-04-25,1,GROCERY I,0,348.126
115,2017-04-26,1,GROCERY I,0,310.618
116,2017-04-27,1,GROCERY I,0,372.933
117,2017-04-28,1,GROCERY I,0,330.769
118,2017-04-29,1,GROCERY I,0,269.394
119,2017-04-30,1,GROCERY I,0,283.544
120,2017-05-01,1,GROCERY I,0,332.841
121,2017-05-02,1,GROCERY I,6,477.666
122,2017-05-03,1,GROCERY I,0,306.609
123,2017-05-04,1,GROCERY I,0,277.725
124,2017-05-05,1,GROCERY I,0,252.036
125,2017-05-06,1,GROCERY I,7,334.834
126,2017-05-07,1,GROCERY I,0,215.76
127,2017-05-08,1,GROCERY I,8,635.047
128,2017-05-09,1,GROCERY I,0,329.714
129,2017-05-10,1,GROCERY I,0,251.753
130,2017-05-11,1,GROCERY I,0,347.371
131,2017-05-12,1,GROCERY I,0,252.891
132,2017-05-13,1,GROCERY I,0,279.529
133,2017-05-14,1,GROCERY I,5,375.487
134,2017-05-15,1,GROCERY I,0,335.34
135,2017-05-16,1,GROCERY I,0,304.558
136,2017-05-17,1,GROCERY I,0,249.24
137,2017-05-18,1,GROCERY I,0,356.906
138,2017-05-19,1,GROCERY I,0,210.1
139,2017-05-20,1,GROCERY I,0,192.265
140,2017-05-21,1,GROCERY I,0,291.372
141,2017-05-22,1,GROCERY I,0,200.07
142,2017-05-23,1,GROCERY I,0,267.26
143,2017-05-24,1,GROCERY I,0,347.358
144,2017-05-25,1,GROCERY I,0,356.246
145,2017-05-26,1,GROCERY I,0,243.786
146,2017-05-27,1,GROCERY I,0,368.584
147,2017-05-28,1,GROCERY I,0,304.711
148,2017-05-29,1,GROCERY I,0,377.288
149,2017-05-30,1,GROCERY I,0,389.803
150,2017-05-31,1,GROCERY I,0,418.0
151,2017-06-01,1,GROCERY I,0,289.691
152,2017-06-02,1,GROCERY I,0,279.57
153,2017-06-03,1,GROCERY I,0,303.077
154,2017-06-04,1,GROCERY I,0,294.494
155,2017-06-05,1,GROCERY I,0,285.701
156,2017-06-06,1,GROCERY I,0,304.287
157,2017-06-07,1,GROCERY I,0,303.423
158,2017-06-08,1,GROCERY I,1,339.002
159,2017-06-09,1,GROCERY I,0,184.234
160,2017-06-10,1,GROCERY I,3,320.327
161,2017-06-11,1,GROCERY I,0,296.111
162,2017-06-12,1,GROCERY I,0,265.013
163,2017-06-13,1,GROCERY I,0,268.923
164,2017-06-14,1,GROCERY I,0,283.12
165,2017-06-15,1,GROCERY I,4,310.445
166,2017-06-16,1,GROCERY I,0,240.627
167,2017-06-17,1,GROCERY I,0,254.141
168,2017-06-18,1,GROCERY I,0,254.819
169,2017-06-19,1,GROCERY I,0,245.516
170,2017-06-20,1,GROCERY I,0,318.838
171,2017-06-21,1,GROCERY I,0,273.559
172,2017-06-22,1,GROCERY I,0,218.943
173,2017-06-23,1,GROCERY I,0,213.372
174,2017-06-24,1,GROCERY I,0,297.082
175,2017-06-25,1,GROCERY I,0,355.493
176,2017-06-26,1,GROCERY I,0,272.177
177,2017-06-27,1,GROCERY I,0,418.484
178,2017-06-28,1,GROCERY I,0,261.766
179,2017-06-29,1,GROCERY I,0,248.592
180,2017-06-30,1,GROCERY I,0,291.38
181,2017-07-01,1,GROCERY I,0,257.803
182,2017-07-02,1,GROCERY I,0,322.618
183,2017-07-03,1,GROCERY I,0,435.419
184,2017-07-04,1,GROCERY I,0,266.152
185,2017-07-05,1,GROCERY I,0,362.406
186,2017-07-06,1,GROCERY I,2,374.894
187,2017-07-07,1,GROCERY I,0,321.441
188,2017-07-08,1,GROCERY I,0,285.561
189,2017-07-09,1,GROCERY I,0,318.841
190,2017-07-10,1,GROCERY I,0,351.109
191,2017-07-11,1,GROCERY I,0,265.598
192,2017-07-12,1,GROCERY I,11,527.242
193,2017-07-13,1,GROCERY I,0,275.428
194,2017-07-14,1,GROCERY I,0,265.163
195,2017-07-15,1,GROCERY I,0,305.721
196,2017-07-16,1,GROCERY I,7,443.371
197,2017-07-17,1,GROCERY I,11,718.692
198,2017-07-18,1,GROCERY I,0,321.214
199,2017-07-19,1,GROCERY I,0,341.907
200,2017-07-20,1,GROCERY I,0,336.136
201,2017-07-21,1,GROCERY I,0,200.683
202,2017-07-22,1,GROCERY I,0,204.073
203,2017-07-23,1,GROCERY I,0,339.739
204,2017-07-24,1,GROCERY I,0,251.391
205,2017-07-25,1,GROCERY I,0,310.055
206,2017-07-26,1,GROCERY I,0,399.328
207,2017-07-27,1,GROCERY I,0,349.093
208,2017-07-28,1,GROCERY I,0,297.314
209,2017-07-29,1,GROCERY I,0,275.212
210,2017-07-30,1,GROCERY I,0,260.995
211,2017-07-31,1,GROCERY I,0,420.86
212,2017-08-01,1,GROCERY I,0,369.384
213,2017-08-02,1,GROCERY I,0,350.597
214,2017-08-03,1,GROCERY I,10,642.955
215,2017-08-04,1,GROCERY I,0,192.259
216,2017-08-05,1,GROCERY I,0,271.346
217,2017-08-06,1,GROCERY I,0,280.099
218,2017-08-07,1,GROCERY I,0,342.635
219,2017-08-08,1,GROCERY I,0,365.814
220,2017-08-09,1,GROCERY I,0,206.66
221,2017-08-10,1,GROCERY I,0,357.882
222,2017-08-11,1,GROCERY I,0,268.61
223,2017-08-12,1,GROCERY I,0,293.34
224,2017-08-13,1,GROCERY I,0,355.412
225,2017-08-14,1,GROCERY I,0,374.203
226,2017-08-15,1,GROCERY I,0,588.341
243,2017-01-01,1,BEVERAGES,0,285.244
244,2017-01-02,1,BEVERAGES,0,169.02
245,2017-01-03,1,BEVERAGES,0,226.847
246,2017-01-04,1,BEVERAGES,0,181.977
247,2017-01-05,1,BEVERAGES,0,178.176
248,2017-01-06,1,BEVERAGES,0,178.806
249,2017-01-07,1,BEVERAGES,11,412.617
250,2017-01-08,1,BEVERAGES,0,265.936
251,2017-01-09,1,BEVERAGES,0,242.107
252,2017-01-10,1,BEVERAGES,0,228.794
253,2017-01-11,1,BEVERAGES,0,157.484
254,2017-01-12,1,BEVERAGES,0,225.437
255,2017-01-13,1,BEVERAGES,0,147.079
256,2017-01-14,1,BEVERAGES,0,203.659
257,2017-01-15,1,BEVERAGES,2,273.595
258,2017-01-16,1,BEVERAGES,0,235.741
259,2017-01-17,1,BEVERAGES,1,190.316
260,2017-01-18,1,BEVERAGES,0,173.074
261,2017-01-19,1,BEVERAGES,0,169.455
262,2017-01-20,1,BEVERAGES,0,154.072
263,2017-01-21,1,BEVERAGES,0,177.465
264,2017-01-22,1,BEVERAGES,5,383.074
265,2017-01-23,1,BEVERAGES,0,218.848
266,2017-01-24,1,BEVERAGES,0,274.809
267,2017-01-25,1,BEVERAGES,0,126.732
268,2017-01-26,1,BEVERAGES,0,195.298
269,2017-01-27,1,BEVERAGES,9,290.48
270,2017-01-28,1,BEVERAGES,0,207.547
271,2017-01-29,1,BEVERAGES,0,227.901
272,2017-01-30,1,BEVERAGES,0,221.758
273,2017-01-31,1,BEVERAGES,0,304.979
274,2017-02-01,1,BEVERAGES,0,146.742
275,2017-02-02,1,BEVERAGES,0,164.758
276,2017-02-03,1,BEVERAGES,0,155.0
277,2017-02-04,1,BEVERAGES,0,277.7
278,2017-02-05,1,BEVERAGES,6,261.131
279,2017-02-06,1,BEVERAGES,0,212.861
280,2017-02-07,1,BEVERAGES,0,151.208
281,2017-02-08,1,BEVERAGES,0,186.625
282,2017-02-09,1,BEVERAGES,0,135.995
283,2017-02-10,1,BEVERAGES,0,156.701
284,2017-02-11,1,BEVERAGES,4,206.874
285,2017-02-12,1,BEVERAGES,0,231.737
286,2017-02-13,1,BEVERAGES,0,286.402
287,2017-02-14,1,BEVERAGES,0,192.577
288,2017-02-15,1,BEVERAGES,4,395.95
289,2017-02-16,1,BEVERAGES,0,145.989
290,2017-02-17,1,BEVERAGES,0,142.639
291,2017-02-18,1,BEVERAGES,0,216.56
292,2017-02-19,1,BEVERAGES,0,192.189
293,2017-02-20,1,BEVERAGES,0,185.558
294,2017-02-21,1,BEVERAGES,0,236.585
295,2017-02-22,1,BEVERAGES,0,175.717
296,2017-02-23,1,BEVERAGES,0,134.594
297,2017-02-24,1,BEVERAGES,2,140.027
298,2017-02-25,1,BEVERAGES,0,199.184
299,2017-02-26,1,BEVERAGES,0,233.647
300,2017-02-27,1,BEVERAGES,0,310.553
301,2017-02-28,1,BEVERAGES,0,210.886
302,2017-03-01,1,BEVERAGES,0,164.585
303,2017-03-02,1,BEVERAGES,0,139.374
304,2017-03-03,1,BEVERAGES,0,183.818
305,2017-03-04,1,BEVERAGES,0,174.09
306,2017-03-05,1,BEVERAGES,0,242.526
307,2017-03-06,1,BEVERAGES,4,361.104
308,2017-03-07,1,BEVERAGES,0,183.299
309,2017-03-08,1,BEVERAGES,0,183.936
310,2017-03-09,1,BEVERAGES,0,167.239
311,2017-03-10,1,BEVERAGES,0,215.398
312,2017-03-11,1,BEVERAGES,0,211.999
313,2017-03-12,1,BEVERAGES,0,193.777
314,2017-03-13,1,BEVERAGES,0,297.322
315,2017-03-14,1,BEVERAGES,0,241.428
316,2017-03-15,1,BEVERAGES,0,194.471
317,2017-03-16,1,BEVERAGES,0,168.936
318,2017-03-17,1,BEVERAGES,0,203.45
319,2017-03-18,1,BEVERAGES,0,264.775
320,2017-03-19,1,BEVERAGES,0,232.058
321,2017-03-20,1,BEVERAGES,0,218.302
322,2017-03-21,1,BEVERAGES,11,404.815
323,2017-03-22,1,BEVERAGES,8,369.406
324,2017-03-23,1,BEVERAGES,0,199.05
325,2017-03-24,1,BEVERAGES,6,280.198
326,2017-03-25,1,BEVERAGES,0,287.971
327,2017-03-26,1,BEVERAGES,0,223.717
328,2017-03-27,1,BEVERAGES,0,148.179
329,2017-03-28,1,BEVERAGES,0,234.834
330,2017-03-29,1,BEVERAGES,0,147.526
331,2017-03-30,1,BEVERAGES,0,174.153
332,2017-03-31,1,BEVERAGES,0,234.479
333,2017-04-01,1,BEVERAGES,0,191.91
334,2017-04-02,1,BEVERAGES,0,270.902
335,2017-04-03,1,BEVERAGES,0,204.205
336,2017-04-04,1,BEVERAGES,10,321.487
337,2017-04-05,1,BEVERAGES,0,201.166
338,2017-04-06,1,BEVERAGES,0,184.564
339,2017-04-07,1,BEVERAGES,0,224.225
340,2017-04-08,1,BEVERAGES,0,199.981
341,2017-04-09,1,BEVERAGES,0,226.108
342,2017-04-10,1,BEVERAGES,0,163.314
343,2017-04-11,1,BEVERAGES,0,230.501
344,2017-04-12,1,BEVERAGES,0,212.752
345,2017-04-13,1,BEVERAGES,0,185.761
346,2017-04-14,1,BEVERAGES,0,264.849
347,2017-04-15,1,BEVERAGES,0,224.116
348,2017-04-16,1,BEVERAGES,0,234.828
349,2017-04-17,1,BEVERAGES,0,180.521
350,2017-04-18,1,BEVERAGES,0,176.776
351,2017-04-19,1,BEVERAGES,0,178.164
352,2017-04-20,1,BEVERAGES,4,180.44
353,2017-04-21,1,BEVERAGES,11,387.449
354,2017-04-22,1,BEVERAGES,0,187.637
355,2017-04-23,1,BEVERAGES,0,201.537
356,2017-04-24,1,BEVERAGES,0,256.368
357,2017-04-25,1,BEVERAGES,0,235.533
358,2017-04-26,1,BEVERAGES,0,148.338
359,2017-04-27,1,BEVERAGES,4,284.904
360,2017-04-28,1,BEVERAGES,0,210.107
361,2017-04-29,1,BEVERAGES,0,150.397
362,2017-04-30,1,BEVERAGES,0,278.203
363,2017-05-01,1,BEVERAGES,0,297.812
364,2017-05-02,1,BEVERAGES,0,120.376
365,2017-05-03,1,BEVERAGES,0,176.393
366,2017-05-04,1,BEVERAGES,0,215.958
367,2017-05-05,1,BEVERAGES,5,269.185
368,2017-05-06,1,BEVERAGES,0,261.951
369,2017-05-07,1,BEVERAGES,11,443.326
370,2017-05-08,1,BEVERAGES,0,242.295
371,2017-05-09,1,BEVERAGES,0,223.697
372,2017-05-10,1,BEVERAGES,0,171.406
373,2017-05-11,1,BEVERAGES,0,157.876
374,2017-05-12,1,BEVERAGES,0,189.509
375,2017-05-13,1,BEVERAGES,0,200.466
376,2017-05-14,1,BEVERAGES,0,324.144
377,2017-05-15,1,BEVERAGES,0,316.419
378,2017-05-16,1,BEVERAGES,0,301.256
379,2017-05-17,1,BEVERAGES,0,216.406
380,2017-05-18,1,BEVERAGES,0,166.104
381,2017-05-19,1,BEVERAGES,0,232.895
382,2017-05-20,1,BEVERAGES,0,232.903
383,2017-05-21,1,BEVERAGES,0,244.124
384,2017-05-22,1,BEVERAGES,0,183.912
385,2017-05-23,1,BEVERAGES,11,282.472
386,2017-05-24,1,BEVERAGES,0,218.223
387,2017-05-25,1,BEVERAGES,0,137.798
388,2017-05-26,1,BEVERAGES,0,193.114
389,2017-05-27,1,BEVERAGES,0,260.133
390,2017-05-28,1,BEVERAGES,0,329.797
391,2017-05-29,1,BEVERAGES,0,205.716
392,2017-05-30,1,BEVERAGES,0,221.069
393,2017-05-31,1,BEVERAGES,0,196.296
394,2017-06-01,1,BEVERAGES,0,260.925
395,2017-06-02,1,BEVERAGES,0,249.568
396,2017-06-03,1,BEVERAGES,0,176.231
397,2017-06-04,1,BEVERAGES,0,235.706
398,2017-06-05,1,BEVERAGES,0,172.453
399,2017-06-06,1,BEVERAGES,0,155.992
400,2017-06-07,1,BEVERAGES,0,222.484
401,2017-06-08,1,BEVERAGES,0,114.828
402,2017-06-09,1,BEVERAGES,0,263.922
403,2017-06-10,1,BEVERAGES,0,187.149
404,2017-06-11,1,BEVERAGES,0,240.143
405,2017-06-12,1,BEVERAGES,0,230.688
406,2017-06-13,1,BEVERAGES,0,236.215
407,2017-06-14,1,BEVERAGES,0,192.762
408,2017-06-15,1,BEVERAGES,0,199.267
409,2017-06-16,1,BEVERAGES,0,149.227
410,2017-06-17,1,BEVERAGES,5,297.913
411,2017-06-18,1,BEVERAGES,0,246.655
412,2017-06-19,1,BEVERAGES,0,194.27
413,2017-06-20,1,BEVERAGES,0,214.036
414,2017-06-21,1,BEVERAGES,0,124.344
415,2017-06-22,1,BEVERAGES,0,247.117
416,2017-06-23,1,BEVERAGES,0,199.744
417,2017-06-24,1,BEVERAGES,0,140.146
418,2017-06-25,1,BEVERAGES,0,190.787
419,2017-06-26,1,BEVERAGES,0,205.397
420,2017-06-27,1,BEVERAGES,0,122.947
421,2017-06-28,1,BEVERAGES,0,175.641
422,2017-06-29,1,BEVERAGES,0,214.014
423,2017-06-30,1,BEVERAGES,6,211.578
424,2017-07-01,1,BEVERAGES,0,212.282
425,2017-07-02,1,BEVERAGES,0,175.944
426,2017-07-03,1,BEVERAGES,8,407.986
427,2017-07-04,1,BEVERAGES,0,170.587
428,2017-07-05,1,BEVERAGES,0,211.354
429,2017-07-06,1,BEVERAGES,0,169.256
430,2017-07-07,1,BEVERAGES,0,131.347
431,2017-07-08,1,BEVERAGES,0,221.726
432,2017-07-09,1,BEVERAGES,0,190.462
433,2017-07-10,1,BEVERAGES,0,203.546
434,2017-07-11,1,BEVERAGES,0,176.893
435,2017-07-12,1,BEVERAGES,0,210.186
436,2017-07-13,1,BEVERAGES,0,176.884
437,2017-07-14,1,BEVERAGES,0,147.223
438,2017-07-15,1,BEVERAGES,0,188.901
439,2017-07-16,1,BEVERAGES,0,247.444
440,2017-07-17,1,BEVERAGES,0,208.949
441,2017-07-18,1,BEVERAGES,0,201.213
442,2017-07-19,1,BEVERAGES,0,182.664
443,2017-07-20,1,BEVERAGES,0,115.787
444,2017-07-21,1,BEVERAGES,3,218.316
445,2017-07-22,1,BEVERAGES,0,176.916
446,2017-07-23,1,BEVERAGES,0,142.288
447,2017-07-24,1,BEVERAGES,0,182.068
448,2017-07-25,1,BEVERAGES,0,156.475
449,2017-07-26,1,BEVERAGES,0,159.338
450,2017-07-27,1,BEVERAGES,0,182.739
451,2017-07-28,1,BEVERAGES,0,240.417
452,2017-07-29,1,BEVERAGES,0,246.192
453,2017-07-30,1,BEVERAGES,0,167.992
454,2017-07-31,1,BEVERAGES,0,276.318
455,2017-08-01,1,BEVERAGES,0,193.932
456,2017-08-02,1,BEVERAGES,0,173.629
457,2017-08-03,1,BEVERAGES,0,174.942
458,2017-08-04,1,BEVERAGES,0,305.803
459,2017-08-05,1,BEVERAGES,0,212.842
460,2017-08-06,1,BEVERAGES,1,236.318
461,2017-08-07,1,BEVERAGES,0,268.612
462,2017-08-08,1,BEVERAGES,0,132.253
463,2017-08-09,1,BEVERAGES,0,194.389
464,2017-08-10,1,BEVERAGES,0,193.086
465,2017-08-11,1,BEVERAGES,0,180.424
466,2017-08-12,1,BEVERAGES,0,146.129
467,2017-08-13,1,BEVERAGES,0,217.31
468,2017-08-14,1,BEVERAGES,0,237.989
469,2017-08-15,1,BEVERAGES,0,279.925
486,2017-01-01,1,PRODUCE,0,164.152
487,2017-01-02,1,PRODUCE,0,106.476
488,2017-01-03,1,PRODUCE,0,89.723
489,2017-01-04,1,PRODUCE,0,102.786
490,2017-01-05,1,PRODUCE,0,121.183
491,2017-01-06,1,PRODUCE,0,134.553
492,2017-01-07,1,PRODUCE,0,89.837
493,2017-01-08,1,PRODUCE,3,113.894
494,2017-01-09,1,PRODUCE,0,67.002
495,2017-01-10,1,PRODUCE,0,139.145
496,2017-01-11,1,PRODUCE,0,127.113
497,2017-01-12,1,PRODUCE,0,105.7
498,2017-01-13,1,PRODUCE,0,122.456
499,2017-01-14,1,PRODUCE,0,125.659
500,2017-01-15,1,PRODUCE,0,145.582
501,2017-01-16,1,PRODUCE,0,122.954
502,2017-01-17,1,PRODUCE,0,139.648
503,2017-01-18,1,PRODUCE,1,116.178
504,2017-01-19,1,PRODUCE,0,118.911
505,2017-01-20,1,PRODUCE,0,122.948
506,2017-01-21,1,PRODUCE,0,94.749
507,2017-01-22,1,PRODUCE,0,132.664
508,2017-01-23,1,PRODUCE,0,87.859
509,2017-01-24,1,PRODUCE,0,92.115
510,2017-01-25,1,PRODUCE,0,83.468
511,2017-01-26,1,PRODUCE,0,102.079
512,2017-01-27,1,PRODUCE,10,205.9
513,2017-01-28,1,PRODUCE,0,106.844
514,2017-01-29,1,PRODUCE,0,101.634
515,2017-01-30,1,PRODUCE,0,114.031
516,2017-01-31,1,PRODUCE,0,95.191
517,2017-02-01,1,PRODUCE,0,85.531
518,2017-02-02,1,PRODUCE,0,97.018
519,2017-02-03,1,PRODUCE,0,121.772
520,2017-02-04,1,PRODUCE,11,195.755
521,2017-02-05,1,PRODUCE,0,103.745
522,2017-02-06,1,PRODUCE,0,138.433
523,2017-02-07,1,PRODUCE,0,104.213
524,2017-02-08,1,PRODUCE,0,86.378
525,2017-02-09,1,PRODUCE,0,135.753
526,2017-02-10,1,PRODUCE,0,104.701
527,2017-02-11,1,PRODUCE,0,152.796
528,2017-02-12,1,PRODUCE,0,118.803
529,2017-02-13,1,PRODUCE,0,75.55
530,2017-02-14,1,PRODUCE,8,153.477
531,2017-02-15,1,PRODUCE,0,115.629
532,2017-02-16,1,PRODUCE,0,106.034
533,2017-02-17,1,PRODUCE,0,124.086
534,2017-02-18,1,PRODUCE,0,114.097
535,2017-02-19,1,PRODUCE,0,79.633
536,2017-02-20,1,PRODUCE,0,102.559
537,2017-02-21,1,PRODUCE,0,69.511
538,2017-02-22,1,PRODUCE,0,105.563
539,2017-02-23,1,PRODUCE,0,107.986
540,2017-02-24,1,PRODUCE,0,136.352
541,2017-02-25,1,PRODUCE,0,84.049
542,2017-02-26,1,PRODUCE,0,126.369
543,2017-02-27,1,PRODUCE,0,149.446
544,2017-02-28,1,PRODUCE,0,97.877
545,2017-03-01,1,PRODUCE,0,120.917
546,2017-03-02,1,PRODUCE,0,126.446
547,2017-03-03,1,PRODUCE,0,126.97
548,2017-03-04,1,PRODUCE,0,160.273
549,2017-03-05,1,PRODUCE,0,101.238
550,2017-03-06,1,PRODUCE,0,77.771
551,2017-03-07,1,PRODUCE,0,68.457
552,2017-03-08,1,PRODUCE,0,98.63
553,2017-03-09,1,PRODUCE,0,104.554
554,2017-03-10,1,PRODUCE,0,141.048
555,2017-03-11,1,PRODUCE,4,143.147
556,2017-03-12,1,PRODUCE,1,130.446
557,2017-03-13,1,PRODUCE,0,114.583
558,2017-03-14,1,PRODUCE,0,118.787
559,2017-03-15,1,PRODUCE,0,126.13
560,2017-03-16,1,PRODUCE,0,109.776
561,2017-03-17,1,PRODUCE,0,146.214
562,2017-03-18,1,PRODUCE,0,99.067
563,2017-03-19,1,PRODUCE,0,80.97
564,2017-03-20,1,PRODUCE,0,131.611
565,2017-03-21,1,PRODUCE,0,112.558
566,2017-03-22,1,PRODUCE,0,107.646
567,2017-03-23,1,PRODUCE,0,123.124
568,2017-03-24,1,PRODUCE,0,94.359
569,2017-03-25,1,PRODUCE,0,147.702
570,2017-03-26,1,PRODUCE,0,76.333
571,2017-03-27,1,PRODUCE,7,143.064
572,2017-03-28,1,PRODUCE,0,91.104
573,2017-03-29,1,PRODUCE,0,95.657
574,2017-03-30,1,PRODUCE,0,114.638
575,2017-03-31,1,PRODUCE,0,117.634
576,2017-04-01,1,PRODUCE,10,203.162
577,2017-04-02,1,PRODUCE,0,97.779
578,2017-04-03,1,PRODUCE,0,60.232
579,2017-04-04,1,PRODUCE,0,57.078
580,2017-04-05,1,PRODUCE,0,99.831
581,2017-04-06,1,PRODUCE,0,96.381
582,2017-04-07,1,PRODUCE,0,153.138
583,2017-04-08,1,PRODUCE,0,99.102
584,2017-04-09,1,PRODUCE,0,131.514
585,2017-04-10,1,PRODUCE,0,74.727
586,2017-04-11,1,PRODUCE,0,124.69
587,2017-04-12,1,PRODUCE,0,141.084
588,2017-04-13,1,PRODUCE,0,103.884
589,2017-04-14,1,PRODUCE,0,129.16
590,2017-04-15,1,PRODUCE,0,96.23
591,2017-04-16,1,PRODUCE,0,81.343
592,2017-04-17,1,PRODUCE,0,87.049
593,2017-04-18,1,PRODUCE,0,99.798
594,2017-04-19,1,PRODUCE,0,93.961
595,2017-04-20,1,PRODUCE,0,97.589
596,2017-04-21,1,PRODUCE,0,118.697
597,2017-04-22,1,PRODUCE,11,237.849
598,2017-04-23,1,PRODUCE,0,107.844
599,2017-04-24,1,PRODUCE,0,111.12
600,2017-04-25,1,PRODUCE,0,91.424
601,2017-04-26,1,PRODUCE,0,101.306
602,2017-04-27,1,PRODUCE,0,159.265
603,2017-04-28,1,PRODUCE,0,143.552
604,2017-04-29,1,PRODUCE,5,228.326
605,2017-04-30,1,PRODUCE,0,134.602
606,2017-05-01,1,PRODUCE,0,126.505
607,2017-05-02,1,PRODUCE,0,93.767
608,2017-05-03,1,PRODUCE,0,91.42
609,2017-05-04,1,PRODUCE,4,166.192
610,2017-05-05,1,PRODUCE,0,148.688
611,2017-05-06,1,PRODUCE,0,131.808
612,2017-05-07,1,PRODUCE,0,102.273
613,2017-05-08,1,PRODUCE,0,93.873
614,2017-05-09,1,PRODUCE,0,103.371
615,2017-05-10,1,PRODUCE,0,129.37
616,2017-05-11,1,PRODUCE,1,156.981
617,2017-05-12,1,PRODUCE,0,99.534
618,2017-05-13,1,PRODUCE,0,122.603
619,2017-05-14,1,PRODUCE,0,115.8
620,2017-05-15,1,PRODUCE,0,131.163
621,2017-05-16,1,PRODUCE,0,99.051
622,2017-05-17,1,PRODUCE,0,104.379
623,2017-05-18,1,PRODUCE,0,90.04
624,2017-05-19,1,PRODUCE,0,129.683
625,2017-05-20,1,PRODUCE,0,155.442
626,2017-05-21,1,PRODUCE,0,104.768
627,2017-05-22,1,PRODUCE,0,116.271
628,2017-05-23,1,PRODUCE,0,82.61
629,2017-05-24,1,PRODUCE,0,162.233
630,2017-05-25,1,PRODUCE,0,102.285
631,2017-05-26,1,PRODUCE,0,104.495
632,2017-05-27,1,PRODUCE,0,125.11
633,2017-05-28,1,PRODUCE,0,129.182
634,2017-05-29,1,PRODUCE,0,170.312
635,2017-05-30,1,PRODUCE,0,99.751
636,2017-05-31,1,PRODUCE,0,88.515
637,2017-06-01,1,PRODUCE,0,96.396
638,2017-06-02,1,PRODUCE,0,131.267
639,2017-06-03,1,PRODUCE,0,116.182
640,2017-06-04,1,PRODUCE,0,111.874
641,2017-06-05,1,PRODUCE,0,98.299
642,2017-06-06,1,PRODUCE,11,130.096
643,2017-06-07,1,PRODUCE,0,106.779
644,2017-06-08,1,PRODUCE,0,118.493
645,2017-06-09,1,PRODUCE,0,105.996
646,2017-06-10,1,PRODUCE,7,155.681
647,2017-06-11,1,PRODUCE,0,135.263
648,2017-06-12,1,PRODUCE,0,93.602
649,2017-06-13,1,PRODUCE,0,107.469
650,2017-06-14,1,PRODUCE,0,108.238
651,2017-06-15,1,PRODUCE,0,138.467
652,2017-06-16,1,PRODUCE,0,108.127
653,2017-06-17,1,PRODUCE,4,214.058
654,2017-06-18,1,PRODUCE,0,98.959
655,2017-06-19,1,PRODUCE,2,112.322
656,2017-06-20,1,PRODUCE,0,81.817
657,2017-06-21,1,PRODUCE,7,171.285
658,2017-06-22,1,PRODUCE,0,138.27
659,2017-06-23,1,PRODUCE,0,136.484
660,2017-06-24,1,PRODUCE,0,125.229
661,2017-06-25,1,PRODUCE,0,129.314
662,2017-06-26,1,PRODUCE,0,88.027
663,2017-06-27,1,PRODUCE,0,98.293
664,2017-06-28,1,PRODUCE,0,96.189
665,2017-06-29,1,PRODUCE,0,142.239
666,2017-06-30,1,PRODUCE,0,135.435
667,2017-07-01,1,PRODUCE,0,106.378
668,2017-07-02,1,PRODUCE,0,131.043
669,2017-07-03,1,PRODUCE,0,127.732
670,2017-07-04,1,PRODUCE,0,160.728
671,2017-07-05,1,PRODUCE,0,92.859
672,2017-07-06,1,PRODUCE,4,183.35
673,2017-07-07,1,PRODUCE,7,199.483
674,2017-07-08,1,PRODUCE,0,105.464
675,2017-07-09,1,PRODUCE,0,117.163
676,2017-07-10,1,PRODUCE,0,88.022
677,2017-07-11,1,PRODUCE,0,86.41
678,2017-07-12,1,PRODUCE,0,133.593
679,2017-07-13,1,PRODUCE,0,130.854
680,2017-07-14,1,PRODUCE,10,165.38
681,2017-07-15,1,PRODUCE,0,127.523
682,2017-07-16,1,PRODUCE,0,106.618
683,2017-07-17,1,PRODUCE,0,108.159
684,2017-07-18,1,PRODUCE,0,108.244
685,2017-07-19,1,PRODUCE,8,162.078
686,2017-07-20,1,PRODUCE,0,83.926
687,2017-07-21,1,PRODUCE,0,91.362
688,2017-07-22,1,PRODUCE,0,112.896
689,2017-07-23,1,PRODUCE,0,124.214
690,2017-07-24,1,PRODUCE,0,85.067
691,2017-07-25,1,PRODUCE,0,101.915
692,2017-07-26,1,PRODUCE,0,105.967
693,2017-07-27,1,PRODUCE,0,101.369
694,2017-07-28,1,PRODUCE,0,127.035
695,2017-07-29,1,PRODUCE,0,149.208
696,2017-07-30,1,PRODUCE,0,121.75
697,2017-07-31,1,PRODUCE,11,205.373
698,2017-08-01,1,PRODUCE,0,124.649
699,2017-08-02,1,PRODUCE,11,170.019
700,2017-08-03,1,PRODUCE,0,115.299
701,2017-08-04,1,PRODUCE,0,95.652
702,2017-08-05,1,PRODUCE,0,124.744
703,2017-08-06,1,PRODUCE,0,92.319
704,2017-08-07,1,PRODUCE,2,131.103
705,2017-08-08,1,PRODUCE,0,103.846
706,2017-08-09,1,PRODUCE,0,83.843
707,2017-08-10,1,PRODUCE,0,129.195
708,2017-08-11,1,PRODUCE,6,181.986
709,2017-08-12,1,PRODUCE,0,116.267
710,2017-08-13,1,PRODUCE,0,87.56
711,2017-08-14,1,PRODUCE,0,111.264
712,2017-08-15,1,PRODUCE,1,140.711
729,2017-01-01,1,CLEANING,0,67.997
730,2017-01-02,1,CLEANING,0,79.552
731,2017-01-03,1,CLEANING,0,71.301
732,2017-01-04,1,CLEANING,11,91.107
733,2017-01-05,1,CLEANING,10,100.151
734,2017-01-06,1,CLEANING,6,58.765
735,2017-01-07,1,CLEANING,0,74.875
736,2017-01-08,1,CLEANING,0,69.684
737,2017-01-09,1,CLEANING,0,67.154
738,2017-01-10,1,CLEANING,0,73.966
739,2017-01-11,1,CLEANING,0,60.647
740,2017-01-12,1,CLEANING,0,63.237
741,2017-01-13,1,CLEANING,0,62.185
742,2017-01-14,1,CLEANING,0,86.021
743,2017-01-15,1,CLEANING,0,52.509
744,2017-01-16,1,CLEANING,0,83.472
745,2017-01-17,1,CLEANING,0,69.211
746,2017-01-18,1,CLEANING,0,58.131
747,2017-01-19,1,CLEANING,3,66.728
748,2017-01-20,1,CLEANING,0,75.868
749,2017-01-21,1,CLEANING,0,81.553
750,2017-01-22,1,CLEANING,0,48.024
751,2017-01-23,1,CLEANING,9,127.532
752,2017-01-24,1,CLEANING,0,51.045
753,2017-01-25,1,CLEANING,0,63.477
754,2017-01-26,1,CLEANING,0,58.399
755,2017-01-27,1,CLEANING,0,52.744
756,2017-01-28,1,CLEANING,0,74.267
757,2017-01-29,1,CLEANING,0,92.241
758,2017-01-30,1,CLEANING,0,60.131
759,2017-01-31,1,CLEANING,0,105.783
760,2017-02-01,1,CLEANING,5,72.417
761,2017-02-02,1,CLEANING,3,84.025
762,2017-02-03,1,CLEANING,0,63.951
763,2017-02-04,1,CLEANING,3,81.5
764,2017-02-05,1,CLEANING,0,61.298
765,2017-02-06,1,CLEANING,0,63.075
766,2017-02-07,1,CLEANING,0,43.873
767,2017-02-08,1,CLEANING,0,62.733
768,2017-02-09,1,CLEANING,0,66.31
769,2017-02-10,1,CLEANING,0,64.759
770,2017-02-11,1,CLEANING,0,51.965
771,2017-02-12,1,CLEANING,0,59.253
772,2017-02-13,1,CLEANING,0,61.988
773,2017-02-14,1,CLEANING,0,64.276
774,2017-02-15,1,CLEANING,0,67.681
775,2017-02-16,1,CLEANING,0,50.306
776,2017-02-17,1,CLEANING,2,71.049
777,2017-02-18,1,CLEANING,0,63.619
778,2017-02-19,1,CLEANING,5,71.632
779,2017-02-20,1,CLEANING,0,78.235
780,2017-02-21,1,CLEANING,0,51.596
781,2017-02-22,1,CLEANING,0,36.485
782,2017-02-23,1,CLEANING,0,77.709
783,2017-02-24,1,CLEANING,6,98.395
784,2017-02-25,1,CLEANING,0,63.15
785,2017-02-26,1,CLEANING,0,96.499
786,2017-02-27,1,CLEANING,3,85.979
787,2017-02-28,1,CLEANING,0,64.198
788,2017-03-01,1,CLEANING,0,41.021
789,2017-03-02,1,CLEANING,0,61.791
790,2017-03-03,1,CLEANING,11,124.297
791,2017-03-04,1,CLEANING,0,58.818
792,2017-03-05,1,CLEANING,0,111.077
793,2017-03-06,1,CLEANING,10,106.193
794,2017-03-07,1,CLEANING,0,52.505
795,2017-03-08,1,CLEANING,10,110.053
796,2017-03-09,1,CLEANING,0,59.747
797,2017-03-10,1,CLEANING,0,58.554
798,2017-03-11,1,CLEANING,3,69.252
799,2017-03-12,1,CLEANING,0,67.609
800,2017-03-13,1,CLEANING,0,55.734
801,2017-03-14,1,CLEANING,0,73.352
802,2017-03-15,1,CLEANING,0,59.217
803,2017-03-16,1,CLEANING,0,62.364
804,2017-03-17,1,CLEANING,0,65.716
805,2017-03-18,1,CLEANING,0,72.781
806,2017-03-19,1,CLEANING,0,96.403
807,2017-03-20,1,CLEANING,0,66.624
808,2017-03-21,1,CLEANING,0,56.636
809,2017-03-22,1,CLEANING,0,64.612
810,2017-03-23,1,CLEANING,0,61.274
811,2017-03-24,1,CLEANING,0,75.606
812,2017-03-25,1,CLEANING,0,61.08
813,2017-03-26,1,CLEANING,0,103.491
814,2017-03-27,1,CLEANING,0,58.048
815,2017-03-28,1,CLEANING,0,63.866
816,2017-03-29,1,CLEANING,0,60.52
817,2017-03-30,1,CLEANING,0,69.373
818,2017-03-31,1,CLEANING,0,89.134
819,2017-04-01,1,CLEANING,0,62.871
820,2017-04-02,1,CLEANING,6,118.924
821,2017-04-03,1,CLEANING,8,94.543
822,2017-04-04,1,CLEANING,0,63.89
823,2017-04-05,1,CLEANING,0,53.358
824,2017-04-06,1,CLEANING,0,64.834
825,2017-04-07,1,CLEANING,2,54.768
826,2017-04-08,1,CLEANING,8,113.458
827,2017-04-09,1,CLEANING,0,84.469
828,2017-04-10,1,CLEANING,0,70.635
829,2017-04-11,1,CLEANING,0,59.348
830,2017-04-12,1,CLEANING,0,47.426
831,2017-04-13,1,CLEANING,0,43.906
832,2017-04-14,1,CLEANING,0,92.535
833,2017-04-15,1,CLEANING,0,76.713
834,2017-04-16,1,CLEANING,0,63.681
835,2017-04-17,1,CLEANING,0,92.171
836,2017-04-18,1,CLEANING,0,42.734
837,2017-04-19,1,CLEANING,0,51.301
838,2017-04-20,1,CLEANING,0,54.904
839,2017-04-21,1,CLEANING,0,75.937
840,2017-04-22,1,CLEANING,0,74.735
841,2017-04-23,1,CLEANING,0,88.291
842,2017-04-24,1,CLEANING,0,54.079
843,2017-04-25,1,CLEANING,0,62.573
844,2017-04-26,1,CLEANING,0,83.505
845,2017-04-27,1,CLEANING,4,101.174
846,2017-04-28,1,CLEANING,0,69.924
847,2017-04-29,1,CLEANING,0,58.901
848,2017-04-30,1,CLEANING,0,67.464
849,2017-05-01,1,CLEANING,0,81.993
850,2017-05-02,1,CLEANING,0,69.145
851,2017-05-03,1,CLEANING,0,71.493
852,2017-05-04,1,CLEANING,0,50.603
853,2017-05-05,1,CLEANING,0,71.047
854,2017-05-06,1,CLEANING,0,60.416
855,2017-05-07,1,CLEANING,0,73.201
856,2017-05-08,1,CLEANING,0,58.093
857,2017-05-09,1,CLEANING,0,56.907
858,2017-05-10,1,CLEANING,0,47.192
859,2017-05-11,1,CLEANING,0,56.748
860,2017-05-12,1,CLEANING,9,83.168
861,2017-05-13,1,CLEANING,0,62.853
862,2017-05-14,1,CLEANING,0,61.519
863,2017-05-15,1,CLEANING,0,87.866
864,2017-05-16,1,CLEANING,0,51.111
865,2017-05-17,1,CLEANING,0,73.149
866,2017-05-18,1,CLEANING,0,57.172
867,2017-05-19,1,CLEANING,0,85.004
868,2017-05-20,1,CLEANING,0,71.206
869,2017-05-21,1,CLEANING,0,68.823
870,2017-05-22,1,CLEANING,0,79.62
871,2017-05-23,1,CLEANING,11,104.583
872,2017-05-24,1,CLEANING,0,80.165
873,2017-05-25,1,CLEANING,0,49.378
874,2017-05-26,1,CLEANING,0,63.474
875,2017-05-27,1,CLEANING,0,63.872
876,2017-05-28,1,CLEANING,0,57.469
877,2017-05-29,1,CLEANING,0,65.969
878,2017-05-30,1,CLEANING,0,57.599
879,2017-05-31,1,CLEANING,0,67.522
880,2017-06-01,1,CLEANING,0,63.75
881,2017-06-02,1,CLEANING,0,57.556
882,2017-06-03,1,CLEANING,0,64.928
883,2017-06-04,1,CLEANING,0,64.693
884,2017-06-05,1,CLEANING,0,56.934
885,2017-06-06,1,CLEANING,0,74.866
886,2017-06-07,1,CLEANING,0,53.124
887,2017-06-08,1,CLEANING,0,77.932
888,2017-06-09,1,CLEANING,0,70.845
889,2017-06-10,1,CLEANING,0,67.32
890,2017-06-11,1,CLEANING,0,53.206
891,2017-06-12,1,CLEANING,0,46.701
892,2017-06-13,1,CLEANING,11,77.072
893,2017-06-14,1,CLEANING,0,46.063
894,2017-06-15,1,CLEANING,0,87.73
895,2017-06-16,1,CLEANING,0,71.374
896,2017-06-17,1,CLEANING,0,59.99
897,2017-06-18,1,CLEANING,8,93.326
898,2017-06-19,1,CLEANING,7,103.811
899,2017-06-20,1,CLEANING,0,62.133
900,2017-06-21,1,CLEANING,0,54.346
901,2017-06-22,1,CLEANING,0,66.765
902,2017-06-23,1,CLEANING,0,63.645
903,2017-06-24,1,CLEANING,0,71.524
904,2017-06-25,1,CLEANING,0,57.173
905,2017-06-26,1,CLEANING,0,80.811
906,2017-06-27,1,CLEANING,0,52.032
907,2017-06-28,1,CLEANING,0,47.13
908,2017-06-29,1,CLEANING,0,46.824
909,2017-06-30,1,CLEANING,0,59.91
910,2017-07-01,1,CLEANING,0,69.737
911,2017-07-02,1,CLEANING,0,58.649
912,2017-07-03,1,CLEANING,0,82.311
913,2017-07-04,1,CLEANING,11,122.127
914,2017-07-05,1,CLEANING,4,87.963
915,2017-07-06,1,CLEANING,0,70.972
916,2017-07-07,1,CLEANING,0,74.719
917,2017-07-08,1,CLEANING,1,70.488
918,2017-07-09,1,CLEANING,0,84.419
919,2017-07-10,1,CLEANING,0,71.873
920,2017-07-11,1,CLEANING,0,67.639
921,2017-07-12,1,CLEANING,0,41.459
922,2017-07-13,1,CLEANING,0,53.327
923,2017-07-14,1,CLEANING,0,47.037
924,2017-07-15,1,CLEANING,0,93.349
925,2017-07-16,1,CLEANING,0,77.121
926,2017-07-17,1,CLEANING,0,59.321
927,2017-07-18,1,CLEANING,0,63.898
928,2017-07-19,1,CLEANING,0,46.238
929,2017-07-20,1,CLEANING,0,52.196
930,2017-07-21,1,CLEANING,0,69.968
931,2017-07-22,1,CLEANING,0,70.196
932,2017-07-23,1,CLEANING,0,64.114
933,2017-07-24,1,CLEANING,0,62.827
934,2017-07-25,1,CLEANING,0,70.477
935,2017-07-26,1,CLEANING,0,50.032
936,2017-07-27,1,CLEANING,0,65.183
937,2017-07-28,1,CLEANING,6,92.212
938,2017-07-29,1,CLEANING,0,58.709
939,2017-07-30,1,CLEANING,0,70.89
940,2017-07-31,1,CLEANING,0,78.136
941,2017-08-01,1,CLEANING,0,52.178
942,2017-08-02,1,CLEANING,0,51.423
943,2017-08-03,1,CLEANING,0,58.868
944,2017-08-04,1,CLEANING,0,75.125
945,2017-08-05,1,CLEANING,0,81.542
946,2017-08-06,1,CLEANING,0,78.511
947,2017-08-07,1,CLEANING,1,69.307
948,2017-08-08,1,CLEANING,0,81.747
949,2017-08-09,1,CLEANING,0,86.893
950,2017-08-10,1,CLEANING,5,127.424
951,2017-08-11,1,CLEANING,0,71.348
952,2017-08-12,1,CLEANING,0,73.029
953,2017-08-13,1,CLEANING,0,70.467
954,2017-08-14,1,CLEANING,0,71.122
955,2017-08-15,1,CLEANING,0,77.353
972,2017-01-01,1,DAIRY,0,121.926
973,2017-01-02,1,DAIRY,0,77.93
974,2017-01-03,1,DAIRY,0,78.92
975,2017-01-04,1,DAIRY,0,76.56
976,2017-01-05,1,DAIRY,0,76.682
977,2017-01-06,1,DAIRY,0,102.99
978,2017-01-07,1,DAIRY,0,90.221
979,2017-01-08,1,DAIRY,0,109.878
980,2017-01-09,1,DAIRY,0,83.351
981,2017-01-10,1,DAIRY,0,80.557
982,2017-01-11,1,DAIRY,0,78.701
983,2017-01-12,1,DAIRY,0,95.33
984,2017-01-13,1,DAIRY,0,144.1
985,2017-01-14,1,DAIRY,0,138.756
986,2017-01-15,1,DAIRY,0,93.131
987,2017-01-16,1,DAIRY,0,65.793
988,2017-01-17,1,DAIRY,0,94.358
989,2017-01-18,1,DAIRY,0,90.268
990,2017-01-19,1,DAIRY,0,83.366
991,2017-01-20,1,DAIRY,0,125.531
992,2017-01-21,1,DAIRY,0,60.949
993,2017-01-22,1,DAIRY,0,118.09
994,2017-01-23,1,DAIRY,0,111.2
995,2017-01-24,1,DAIRY,7,125.768
996,2017-01-25,1,DAIRY,0,89.465
997,2017-01-26,1,DAIRY,0,102.882
998,2017-01-27,1,DAIRY,0,82.264
999,2017-01-28,1,DAIRY,0,94.644
1000,2017-01-29,1,DAIRY,0,76.118
1001,2017-01-30,1,DAIRY,0,84.448
1002,2017-01-31,1,DAIRY,0,74.094
1003,2017-02-01,1,DAIRY,0,90.718
1004,2017-02-02,1,DAIRY,5,100.085
1005,2017-02-03,1,DAIRY,0,89.818
1006,2017-02-04,1,DAIRY,0,120.085
1007,2017-02-05,1,DAIRY,0,90.923
1008,2017-02-06,1,DAIRY,0,87.61
1009,2017-02-07,1,DAIRY,0,63.012
1010,2017-02-08,1,DAIRY,0,76.948
1011,2017-02-09,1,DAIRY,0,93.821
1012,2017-02-10,1,DAIRY,10,191.51
1013,2017-02-11,1,DAIRY,0,92.081
1014,2017-02-12,1,DAIRY,0,95.155
1015,2017-02-13,1,DAIRY,0,92.85
1016,2017-02-14,1,DAIRY,0,123.42
1017,2017-02-15,1,DAIRY,0,86.783
1018,2017-02-16,1,DAIRY,0,110.503
1019,2017-02-17,1,DAIRY,9,218.684
1020,2017-02-18,1,DAIRY,0,75.53
1021,2017-02-19,1,DAIRY,0,84.124
1022,2017-02-20,1,DAIRY,0,78.805
1023,2017-02-21,1,DAIRY,0,122.746
1024,2017-02-22,1,DAIRY,0,87.734
1025,2017-02-23,1,DAIRY,0,86.102
1026,2017-02-24,1,DAIRY,0,108.705
1027,2017-02-25,1,DAIRY,0,90.695
1028,2017-02-26,1,DAIRY,0,119.794
1029,2017-02-27,1,DAIRY,11,176.283
1030,2017-02-28,1,DAIRY,0,84.414
1031,2017-03-01,1,DAIRY,0,67.253
1032,2017-03-02,1,DAIRY,0,93.651
1033,2017-03-03,1,DAIRY,0,81.383
1034,2017-03-04,1,DAIRY,0,108.937
1035,2017-03-05,1,DAIRY,0,89.863
1036,2017-03-06,1,DAIRY,0,103.793
1037,2017-03-07,1,DAIRY,0,68.388
1038,2017-03-08,1,DAIRY,0,80.296
1039,2017-03-09,1,DAIRY,0,104.758
1040,2017-03-10,1,DAIRY,0,121.478
1041,2017-03-11,1,DAIRY,0,84.818
1042,2017-03-12,1,DAIRY,0,74.489
1043,2017-03-13,1,DAIRY,0,75.962
1044,2017-03-14,1,DAIRY,8,162.743
1045,2017-03-15,1,DAIRY,0,155.446
1046,2017-03-16,1,DAIRY,1,103.053
1047,2017-03-17,1,DAIRY,0,109.818
1048,2017-03-18,1,DAIRY,0,116.486
1049,2017-03-19,1,DAIRY,0,68.907
1050,2017-03-20,1,DAIRY,0,70.906
1051,2017-03-21,1,DAIRY,10,105.909
1052,2017-03-22,1,DAIRY,0,78.964
1053,2017-03-23,1,DAIRY,0,99.37
1054,2017-03-24,1,DAIRY,9,199.514
1055,2017-03-25,1,DAIRY,0,84.79
1056,2017-03-26,1,DAIRY,0,114.253
1057,2017-03-27,1,DAIRY,0,97.942
1058,2017-03-28,1,DAIRY,0,65.449
1059,2017-03-29,1,DAIRY,0,76.309
1060,2017-03-30,1,DAIRY,0,79.413
1061,2017-03-31,1,DAIRY,11,254.878
1062,2017-04-01,1,DAIRY,0,100.603
1063,2017-04-02,1,DAIRY,0,93.623
1064,2017-04-03,1,DAIRY,0,86.312
1065,2017-04-04,1,DAIRY,2,124.543
1066,2017-04-05,1,DAIRY,0,98.272
1067,2017-04-06,1,DAIRY,0,92.755
1068,2017-04-07,1,DAIRY,0,107.826
1069,2017-04-08,1,DAIRY,0,112.948
1070,2017-04-09,1,DAIRY,7,157.658
1071,2017-04-10,1,DAIRY,0,89.119
1072,2017-04-11,1,DAIRY,0,90.529
1073,2017-04-12,1,DAIRY,0,86.685
1074,2017-04-13,1,DAIRY,3,96.56
1075,2017-04-14,1,DAIRY,0,159.919
1076,2017-04-15,1,DAIRY,0,111.888
1077,2017-04-16,1,DAIRY,0,79.275
1078,2017-04-17,1,DAIRY,9,132.473
1079,2017-04-18,1,DAIRY,0,93.295
1080,2017-04-19,1,DAIRY,0,89.658
1081,2017-04-20,1,DAIRY,0,80.957
1082,2017-04-21,1,DAIRY,0,91.013
1083,2017-04-22,1,DAIRY,0,161.429
1084,2017-04-23,1,DAIRY,0,80.63
1085,2017-04-24,1,DAIRY,0,91.291
1086,2017-04-25,1,DAIRY,0,71.47
1087,2017-04-26,1,DAIRY,0,73.351
1088,2017-04-27,1,DAIRY,0,76.987
1089,2017-04-28,1,DAIRY,0,114.942
1090,2017-04-29,1,DAIRY,0,114.775
1091,2017-04-30,1,DAIRY,0,123.882
1092,2017-05-01,1,DAIRY,0,115.171
1093,2017-05-02,1,DAIRY,0,61.296
1094,2017-05-03,1,DAIRY,0,97.239
1095,2017-05-04,1,DAIRY,7,124.665
1096,2017-05-05,1,DAIRY,1,85.822
1097,2017-05-06,1,DAIRY,0,86.075
1098,2017-05-07,1,DAIRY,0,89.542
1099,2017-05-08,1,DAIRY,0,65.453
1100,2017-05-09,1,DAIRY,0,74.445
1101,2017-05-10,1,DAIRY,0,105.888
1102,2017-05-11,1,DAIRY,0,103.003
1103,2017-05-12,1,DAIRY,0,110.7
1104,2017-05-13,1,DAIRY,0,90.418
1105,2017-05-14,1,DAIRY,0,90.421
1106,2017-05-15,1,DAIRY,0,115.253
1107,2017-05-16,1,DAIRY,0,63.327
1108,2017-05-17,1,DAIRY,0,102.851
1109,2017-05-18,1,DAIRY,0,96.825
1110,2017-05-19,1,DAIRY,0,106.314
1111,2017-05-20,1,DAIRY,0,84.65
1112,2017-05-21,1,DAIRY,0,72.378
1113,2017-05-22,1,DAIRY,11,119.752
1114,2017-05-23,1,DAIRY,6,97.89
1115,2017-05-24,1,DAIRY,0,102.316
1116,2017-05-25,1,DAIRY,0,108.959
1117,2017-05-26,1,DAIRY,7,128.751
1118,2017-05-27,1,DAIRY,2,121.302
1119,2017-05-28,1,DAIRY,1,107.752
1120,2017-05-29,1,DAIRY,0,64.889
1121,2017-05-30,1,DAIRY,0,82.997
1122,2017-05-31,1,DAIRY,0,77.358
1123,2017-06-01,1,DAIRY,0,89.2
1124,2017-06-02,1,DAIRY,1,147.439
1125,2017-06-03,1,DAIRY,0,93.917
1126,2017-06-04,1,DAIRY,0,97.032
1127,2017-06-05,1,DAIRY,0,75.745
1128,2017-06-06,1,DAIRY,0,79.706
1129,2017-06-07,1,DAIRY,0,74.115
1130,2017-06-08,1,DAIRY,0,92.351
1131,2017-06-09,1,DAIRY,9,123.69
1132,2017-06-10,1,DAIRY,1,73.723
1133,2017-06-11,1,DAIRY,0,85.081
1134,2017-06-12,1,DAIRY,0,74.841
1135,2017-06-13,1,DAIRY,0,70.25
1136,2017-06-14,1,DAIRY,0,104.182
1137,2017-06-15,1,DAIRY,0,91.912
1138,2017-06-16,1,DAIRY,0,92.891
1139,2017-06-17,1,DAIRY,0,89.856
1140,2017-06-18,1,DAIRY,0,90.431
1141,2017-06-19,1,DAIRY,0,85.024
1142,2017-06-20,1,DAIRY,0,95.055
1143,2017-06-21,1,DAIRY,0,149.738
1144,2017-06-22,1,DAIRY,0,108.231
1145,2017-06-23,1,DAIRY,0,93.745
1146,2017-06-24,1,DAIRY,0,96.718
1147,2017-06-25,1,DAIRY,0,111.196
1148,2017-06-26,1,DAIRY,0,73.336
1149,2017-06-27,1,DAIRY,0,92.264
1150,2017-06-28,1,DAIRY,1,95.555
1151,2017-06-29,1,DAIRY,8,184.206
1152,2017-06-30,1,DAIRY,0,119.157
1153,2017-07-01,1,DAIRY,0,95.213
1154,2017-07-02,1,DAIRY,0,65.114
1155,2017-07-03,1,DAIRY,0,83.577
1156,2017-07-04,1,DAIRY,0,87.636
1157,2017-07-05,1,DAIRY,0,64.065
1158,2017-07-06,1,DAIRY,0,129.192
1159,2017-07-07,1,DAIRY,0,77.96
1160,2017-07-08,1,DAIRY,0,103.04
1161,2017-07-09,1,DAIRY,0,77.516
1162,2017-07-10,1,DAIRY,0,95.993
1163,2017-07-11,1,DAIRY,0,75.432
1164,2017-07-12,1,DAIRY,0,107.741
1165,2017-07-13,1,DAIRY,0,79.362
1166,2017-07-14,1,DAIRY,0,67.614
1167,2017-07-15,1,DAIRY,0,97.951
1168,2017-07-16,1,DAIRY,10,165.461
1169,2017-07-17,1,DAIRY,0,87.375
1170,2017-07-18,1,DAIRY,0,60.875
1171,2017-07-19,1,DAIRY,0,77.312
1172,2017-07-20,1,DAIRY,1,115.243
1173,2017-07-21,1,DAIRY,0,85.352
1174,2017-07-22,1,DAIRY,0,105.808
1175,2017-07-23,1,DAIRY,0,81.057
1176,2017-07-24,1,DAIRY,5,115.343
1177,2017-07-25,1,DAIRY,0,60.733
1178,2017-07-26,1,DAIRY,0,62.939
1179,2017-07-27,1,DAIRY,0,78.97
1180,2017-07-28,1,DAIRY,0,86.296
1181,2017-07-29,1,DAIRY,0,71.426
1182,2017-07-30,1,DAIRY,0,106.064
1183,2017-07-31,1,DAIRY,0,115.979
1184,2017-08-01,1,DAIRY,0,91.204
1185,2017-08-02,1,DAIRY,0,80.395
1186,2017-08-03,1,DAIRY,0,94.659
1187,2017-08-04,1,DAIRY,0,70.558
1188,2017-08-05,1,DAIRY,0,81.785
1189,2017-08-06,1,DAIRY,0,93.342
1190,2017-08-07,1,DAIRY,0,103.21
1191,2017-08-08,1,DAIRY,5,110.065
1192,2017-08-09,1,DAIRY,0,142.53
1193,2017-08-10,1,DAIRY,0,132.748
1194,2017-08-11,1,DAIRY,0,117.112
1195,2017-08-12,1,DAIRY,0,128.48
1196,2017-08-13,1,DAIRY,0,72.623
1197,2017-08-14,1,DAIRY,0,73.582
1198,2017-08-15,1,DAIRY,0,171.167
1215,2017-01-01,1,BREAD/BAKERY,0,11.351
1216,2017-01-02,1,BREAD/BAKERY,0,9.471
1217,2017-01-03,1,BREAD/BAKERY,0,9.34
1218,2017-01-04,1,BREAD/BAKERY,0,7.33
1219,2017-01-05,1,BREAD/BAKERY,0,5.8
1220,2017-01-06,1,BREAD/BAKERY,0,8.392
1221,2017-01-07,1,BREAD/BAKERY,0,8.051
1222,2017-01-08,1,BREAD/BAKERY,1,8.943
1223,2017-01-09,1,BREAD/BAKERY,0,10.266
1224,2017-01-10,1,BREAD/BAKERY,0,8.427
1225,2017-01-11,1,BREAD/BAKERY,0,7.404
1226,2017-01-12,1,BREAD/BAKERY,0,5.716
1227,2017-01-13,1,BREAD/BAKERY,0,5.038
1228,2017-01-14,1,BREAD/BAKERY,6,10.606
1229,2017-01-15,1,BREAD/BAKERY,0,9.353
1230,2017-01-16,1,BREAD/BAKERY,0,9.108
1231,2017-01-17,1,BREAD/BAKERY,0,8.245
1232,2017-01-18,1,BREAD/BAKERY,0,6.481
1233,2017-01-19,1,BREAD/BAKERY,0,7.382
1234,2017-01-20,1,BREAD/BAKERY,0,6.345
1235,2017-01-21,1,BREAD/BAKERY,0,6.498
1236,2017-01-22,1,BREAD/BAKERY,0,8.099
1237,2017-01-23,1,BREAD/BAKERY,0,9.58
1238,2017-01-24,1,BREAD/BAKERY,0,7.07
1239,2017-01-25,1,BREAD/BAKERY,0,8.15
1240,2017-01-26,1,BREAD/BAKERY,0,6.566
1241,2017-01-27,1,BREAD/BAKERY,0,8.644
1242,2017-01-28,1,BREAD/BAKERY,0,7.444
1243,2017-01-29,1,BREAD/BAKERY,0,6.011
1244,2017-01-30,1,BREAD/BAKERY,0,9.561
1245,2017-01-31,1,BREAD/BAKERY,0,9.14
1246,2017-02-01,1,BREAD/BAKERY,2,7.647
1247,2017-02-02,1,BREAD/BAKERY,9,12.092
1248,2017-02-03,1,BREAD/BAKERY,0,8.302
1249,2017-02-04,1,BREAD/BAKERY,0,7.647
1250,2017-02-05,1,BREAD/BAKERY,0,8.672
1251,2017-02-06,1,BREAD/BAKERY,0,9.32
1252,2017-02-07,1,BREAD/BAKERY,0,8.119
1253,2017-02-08,1,BREAD/BAKERY,5,7.61
1254,2017-02-09,1,BREAD/BAKERY,0,7.615
1255,2017-02-10,1,BREAD/BAKERY,0,7.272
1256,2017-02-11,1,BREAD/BAKERY,0,6.646
1257,2017-02-12,1,BREAD/BAKERY,0,10.726
1258,2017-02-13,1,BREAD/BAKERY,0,7.007
1259,2017-02-14,1,BREAD/BAKERY,0,8.113
1260,2017-02-15,1,BREAD/BAKERY,0,9.619
1261,2017-02-16,1,BREAD/BAKERY,7,16.83
1262,2017-02-17,1,BREAD/BAKERY,0,4.704
1263,2017-02-18,1,BREAD/BAKERY,0,8.0
1264,2017-02-19,1,BREAD/BAKERY,0,9.673
1265,2017-02-20,1,BREAD/BAKERY,0,9.356
1266,2017-02-21,1,BREAD/BAKERY,0,9.43
1267,2017-02-22,1,BREAD/BAKERY,0,8.591
1268,2017-02-23,1,BREAD/BAKERY,0,6.337
1269,2017-02-24,1,BREAD/BAKERY,0,6.631
1270,2017-02-25,1,BREAD/BAKERY,0,8.328
1271,2017-02-26,1,BREAD/BAKERY,7,12.357
1272,2017-02-27,1,BREAD/BAKERY,0,9.396
1273,2017-02-28,1,BREAD/BAKERY,0,11.475
1274,2017-03-01,1,BREAD/BAKERY,0,7.713
1275,2017-03-02,1,BREAD/BAKERY,0,8.59
1276,2017-03-03,1,BREAD/BAKERY,0,8.022
1277,2017-03-04,1,BREAD/BAKERY,0,6.568
1278,2017-03-05,1,BREAD/BAKERY,0,7.095
1279,2017-03-06,1,BREAD/BAKERY,0,8.445
1280,2017-03-07,1,BREAD/BAKERY,0,11.045
1281,2017-03-08,1,BREAD/BAKERY,0,6.808
1282,2017-03-09,1,BREAD/BAKERY,0,8.899
1283,2017-03-10,1,BREAD/BAKERY,0,8.281
1284,2017-03-11,1,BREAD/BAKERY,0,7.038
1285,2017-03-12,1,BREAD/BAKERY,0,8.468
1286,2017-03-13,1,BREAD/BAKERY,0,7.76
1287,2017-03-14,1,BREAD/BAKERY,10,12.514
1288,2017-03-15,1,BREAD/BAKERY,0,9.54
1289,2017-03-16,1,BREAD/BAKERY,0,7.29
1290,2017-03-17,1,BREAD/BAKERY,0,6.486
1291,2017-03-18,1,BREAD/BAKERY,0,4.918
1292,2017-03-19,1,BREAD/BAKERY,0,8.18
1293,2017-03-20,1,BREAD/BAKERY,0,5.715
1294,2017-03-21,1,BREAD/BAKERY,0,6.779
1295,2017-03-22,1,BREAD/BAKERY,1,7.301
1296,2017-03-23,1,BREAD/BAKERY,0,7.621
1297,2017-03-24,1,BREAD/BAKERY,0,5.973
1298,2017-03-25,1,BREAD/BAKERY,0,5.402
1299,2017-03-26,1,BREAD/BAKERY,0,11.937
1300,2017-03-27,1,BREAD/BAKERY,0,7.968
1301,2017-03-28,1,BREAD/BAKERY,0,6.452
1302,2017-03-29,1,BREAD/BAKERY,0,6.745
1303,2017-03-30,1,BREAD/BAKERY,0,5.69
1304,2017-03-31,1,BREAD/BAKERY,0,6.397
1305,2017-04-01,1,BREAD/BAKERY,0,5.839
1306,2017-04-02,1,BREAD/BAKERY,0,7.205
1307,2017-04-03,1,BREAD/BAKERY,0,7.888
1308,2017-04-04,1,BREAD/BAKERY,0,9.231
1309,2017-04-05,1,BREAD/BAKERY,0,7.761
1310,2017-04-06,1,BREAD/BAKERY,0,7.911
1311,2017-04-07,1,BREAD/BAKERY,4,9.276
1312,2017-04-08,1,BREAD/BAKERY,0,7.618
1313,2017-04-09,1,BREAD/BAKERY,0,8.766
1314,2017-04-10,1,BREAD/BAKERY,0,8.432
1315,2017-04-11,1,BREAD/BAKERY,0,8.612
1316,2017-04-12,1,BREAD/BAKERY,0,8.679
1317,2017-04-13,1,BREAD/BAKERY,0,6.439
1318,2017-04-14,1,BREAD/BAKERY,0,7.709
1319,2017-04-15,1,BREAD/BAKERY,0,6.906
1320,2017-04-16,1,BREAD/BAKERY,0,6.492
1321,2017-04-17,1,BREAD/BAKERY,0,9.067
1322,2017-04-18,1,BREAD/BAKERY,0,6.064
1323,2017-04-19,1,BREAD/BAKERY,0,6.711
1324,2017-04-20,1,BREAD/BAKERY,0,6.148
1325,2017-04-21,1,BREAD/BAKERY,0,7.421
1326,2017-04-22,1,BREAD/BAKERY,0,6.484
1327,2017-04-23,1,BREAD/BAKERY,0,7.991
1328,2017-04-24,1,BREAD/BAKERY,0,9.277
1329,2017-04-25,1,BREAD/BAKERY,0,9.103
1330,2017-04-26,1,BREAD/BAKERY,0,9.035
1331,2017-04-27,1,BREAD/BAKERY,0,8.14
1332,2017-04-28,1,BREAD/BAKERY,0,5.083
1333,2017-04-29,1,BREAD/BAKERY,1,8.008
1334,2017-04-30,1,BREAD/BAKERY,0,7.331
1335,2017-05-01,1,BREAD/BAKERY,0,10.386
1336,2017-05-02,1,BREAD/BAKERY,0,5.864
1337,2017-05-03,1,BREAD/BAKERY,0,9.757
1338,2017-05-04,1,BREAD/BAKERY,7,10.127
1339,2017-05-05,1,BREAD/BAKERY,11,16.773
1340,2017-05-06,1,BREAD/BAKERY,9,15.275
1341,2017-05-07,1,BREAD/BAKERY,0,8.473
1342,2017-05-08,1,BREAD/BAKERY,0,9.048
1343,2017-05-09,1,BREAD/BAKERY,0,6.769
1344,2017-05-10,1,BREAD/BAKERY,0,7.222
1345,2017-05-11,1,BREAD/BAKERY,0,6.62
1346,2017-05-12,1,BREAD/BAKERY,0,4.036
1347,2017-05-13,1,BREAD/BAKERY,0,6.915
1348,2017-05-14,1,BREAD/BAKERY,0,7.807
1349,2017-05-15,1,BREAD/BAKERY,0,8.538
1350,2017-05-16,1,BREAD/BAKERY,0,7.584
1351,2017-05-17,1,BREAD/BAKERY,0,7.563
1352,2017-05-18,1,BREAD/BAKERY,0,6.526
1353,2017-05-19,1,BREAD/BAKERY,0,8.082
1354,2017-05-20,1,BREAD/BAKERY,0,6.334
1355,2017-05-21,1,BREAD/BAKERY,0,8.677
1356,2017-05-22,1,BREAD/BAKERY,0,6.609
1357,2017-05-23,1,BREAD/BAKERY,0,12.039
1358,2017-05-24,1,BREAD/BAKERY,0,12.866
1359,2017-05-25,1,BREAD/BAKERY,0,7.644
1360,2017-05-26,1,BREAD/BAKERY,0,6.28
1361,2017-05-27,1,BREAD/BAKERY,0,6.615
1362,2017-05-28,1,BREAD/BAKERY,7,11.788
1363,2017-05-29,1,BREAD/BAKERY,0,7.956
1364,2017-05-30,1,BREAD/BAKERY,0,7.074
1365,2017-05-31,1,BREAD/BAKERY,0,7.764
1366,2017-06-01,1,BREAD/BAKERY,0,7.003
1367,2017-06-02,1,BREAD/BAKERY,0,5.265
1368,2017-06-03,1,BREAD/BAKERY,0,7.215
1369,2017-06-04,1,BREAD/BAKERY,0,8.461
1370,2017-06-05,1,BREAD/BAKERY,0,5.942
1371,2017-06-06,1,BREAD/BAKERY,0,8.824
1372,2017-06-07,1,BREAD/BAKERY,1,9.142
1373,2017-06-08,1,BREAD/BAKERY,0,5.726
1374,2017-06-09,1,BREAD/BAKERY,0,5.143
1375,2017-06-10,1,BREAD/BAKERY,0,6.249
1376,2017-06-11,1,BREAD/BAKERY,0,5.886
1377,2017-06-12,1,BREAD/BAKERY,0,7.411
1378,2017-06-13,1,BREAD/BAKERY,0,10.224
1379,2017-06-14,1,BREAD/BAKERY,1,8.345
1380,2017-06-15,1,BREAD/BAKERY,0,7.622
1381,2017-06-16,1,BREAD/BAKERY,0,5.202
1382,2017-06-17,1,BREAD/BAKERY,0,5.557
1383,2017-06-18,1,BREAD/BAKERY,0,5.58
1384,2017-06-19,1,BREAD/BAKERY,0,7.216
1385,2017-06-20,1,BREAD/BAKERY,0,9.189
1386,2017-06-21,1,BREAD/BAKERY,0,7.338
1387,2017-06-22,1,BREAD/BAKERY,3,13.266
1388,2017-06-23,1,BREAD/BAKERY,0,5.369
1389,2017-06-24,1,BREAD/BAKERY,0,8.573
1390,2017-06-25,1,BREAD/BAKERY,0,5.866
1391,2017-06-26,1,BREAD/BAKERY,0,7.744
1392,2017-06-27,1,BREAD/BAKERY,0,8.518
1393,2017-06-28,1,BREAD/BAKERY,0,8.107
1394,2017-06-29,1,BREAD/BAKERY,5,10.871
1395,2017-06-30,1,BREAD/BAKERY,0,8.813
1396,2017-07-01,1,BREAD/BAKERY,4,6.852
1397,2017-07-02,1,BREAD/BAKERY,0,6.152
1398,2017-07-03,1,BREAD/BAKERY,0,9.863
1399,2017-07-04,1,BREAD/BAKERY,0,8.499
1400,2017-07-05,1,BREAD/BAKERY,0,7.744
1401,2017-07-06,1,BREAD/BAKERY,0,7.032
1402,2017-07-07,1,BREAD/BAKERY,0,6.709
1403,2017-07-08,1,BREAD/BAKERY,0,8.396
1404,2017-07-09,1,BREAD/BAKERY,0,5.219
1405,2017-07-10,1,BREAD/BAKERY,0,8.034
1406,2017-07-11,1,BREAD/BAKERY,0,8.088
1407,2017-07-12,1,BREAD/BAKERY,0,7.685
1408,2017-07-13,1,BREAD/BAKERY,0,8.222
1409,2017-07-14,1,BREAD/BAKERY,0,5.577
1410,2017-07-15,1,BREAD/BAKERY,0,8.556
1411,2017-07-16,1,BREAD/BAKERY,0,7.126
1412,2017-07-17,1,BREAD/BAKERY,0,6.705
1413,2017-07-18,1,BREAD/BAKERY,0,6.794
1414,2017-07-19,1,BREAD/BAKERY,2,9.256
1415,2017-07-20,1,BREAD/BAKERY,0,6.107
1416,2017-07-21,1,BREAD/BAKERY,0,6.185
1417,2017-07-22,1,BREAD/BAKERY,0,7.727
1418,2017-07-23,1,BREAD/BAKERY,9,11.999
1419,2017-07-24,1,BREAD/BAKERY,0,6.999
1420,2017-07-25,1,BREAD/BAKERY,0,8.86
1421,2017-07-26,1,BREAD/BAKERY,0,6.496
1422,2017-07-27,1,BREAD/BAKERY,0,6.52
1423,2017-07-28,1,BREAD/BAKERY,0,7.215
1424,2017-07-29,1,BREAD/BAKERY,0,6.429
1425,2017-07-30,1,BREAD/BAKERY,0,5.938
1426,2017-07-31,1,BREAD/BAKERY,0,9.86
1427,2017-08-01,1,BREAD/BAKERY,0,10.588
1428,2017-08-02,1,BREAD/BAKERY,0,8.324
1429,2017-08-03,1,BREAD/BAKERY,0,8.497
1430,2017-08-04,1,BREAD/BAKERY,0,7.327
1431,2017-08-05,1,BREAD/BAKERY,0,6.93
1432,2017-08-06,1,BREAD/BAKERY,0,8.856
1433,2017-08-07,1,BREAD/BAKERY,0,8.1
1434,2017-08-08,1,BREAD/BAKERY,0,6.412
1435,2017-08-09,1,BREAD/BAKERY,0,6.52
1436,2017-08-10,1,BREAD/BAKERY,0,10.038
1437,2017-08-11,1,BREAD/BAKERY,0,6.708
1438,2017-08-12,1,BREAD/BAKERY,0,7.47
1439,2017-08-13,1,BREAD/BAKERY,0,6.53
1440,2017-08-14,1,BREAD/BAKERY,0,8.067
1441,2017-08-15,1,BREAD/BAKERY,0,11.963
1458,2017-01-01,3,GROCERY I,0,620.848
1459,2017-01-02,3,GROCERY I,0,469.711
1460,2017-01-03,3,GROCERY I,0,569.934
1461,2017-01-04,3,GROCERY I,0,669.238
1462,2017-01-05,3,GROCERY I,0,520.368
1463,2017-01-06,3,GROCERY I,0,348.922
1464,2017-01-07,3,GROCERY I,4,560.511
1465,2017-01-08,3,GROCERY I,0,324.021
1466,2017-01-09,3,GROCERY I,0,466.146
1467,2017-01-10,3,GROCERY I,0,548.797
1468,2017-01-11,3,GROCERY I,0,517.382
1469,2017-01-12,3,GROCERY I,0,417.684
1470,2017-01-13,3,GROCERY I,0,312.664
1471,2017-01-14,3,GROCERY I,2,428.069
1472,2017-01-15,3,GROCERY I,0,500.477
1473,2017-01-16,3,GROCERY I,0,541.967
1474,2017-01-17,3,GROCERY I,0,462.136
1475,2017-01-18,3,GROCERY I,0,572.419
1476,2017-01-19,3,GROCERY I,0,422.402
1477,2017-01-20,3,GROCERY I,4,406.071
1478,2017-01-21,3,GROCERY I,0,581.065
1479,2017-01-22,3,GROCERY I,0,314.591
1480,2017-01-23,3,GROCERY I,0,467.184
1481,2017-01-24,3,GROCERY I,0,730.16
1482,2017-01-25,3,GROCERY I,0,424.51
1483,2017-01-26,3,GROCERY I,0,404.309
1484,2017-01-27,3,GROCERY I,0,303.544
1485,2017-01-28,3,GROCERY I,10,785.725
1486,2017-01-29,3,GROCERY I,0,396.069
1487,2017-01-30,3,GROCERY I,0,532.092
1488,2017-01-31,3,GROCERY I,8,815.491
1489,2017-02-01,3,GROCERY I,0,476.645
1490,2017-02-02,3,GROCERY I,0,571.997
1491,2017-02-03,3,GROCERY I,0,511.502
1492,2017-02-04,3,GROCERY I,0,418.219
1493,2017-02-05,3,GROCERY I,0,604.776
1494,2017-02-06,3,GROCERY I,0,444.254
1495,2017-02-07,3,GROCERY I,0,440.175
1496,2017-02-08,3,GROCERY I,6,760.222
1497,2017-02-09,3,GROCERY I,0,533.148
1498,2017-02-10,3,GROCERY I,0,359.072
1499,2017-02-11,3,GROCERY I,0,481.519
1500,2017-02-12,3,GROCERY I,0,452.046
1501,2017-02-13,3,GROCERY I,0,503.808
1502,2017-02-14,3,GROCERY I,1,594.786
1503,2017-02-15,3,GROCERY I,0,649.716
1504,2017-02-16,3,GROCERY I,5,471.326
1505,2017-02-17,3,GROCERY I,0,432.123
1506,2017-02-18,3,GROCERY I,0,351.547
1507,2017-02-19,3,GROCERY I,0,385.201
1508,2017-02-20,3,GROCERY I,0,654.472
1509,2017-02-21,3,GROCERY I,0,448.026
1510,2017-02-22,3,GROCERY I,0,517.29
1511,2017-02-23,3,GROCERY I,0,675.27
1512,2017-02-24,3,GROCERY I,0,366.907
1513,2017-02-25,3,GROCERY I,0,452.458
1514,2017-02-26,3,GROCERY I,0,418.51
1515,2017-02-27,3,GROCERY I,0,728.55
1516,2017-02-28,3,GROCERY I,0,923.737
1517,2017-03-01,3,GROCERY I,0,507.312
1518,2017-03-02,3,GROCERY I,0,507.901
1519,2017-03-03,3,GROCERY I,1,482.014
1520,2017-03-04,3,GROCERY I,0,484.181
1521,2017-03-05,3,GROCERY I,0,486.182
1522,2017-03-06,3,GROCERY I,0,530.093
1523,2017-03-07,3,GROCERY I,0,458.437
1524,2017-03-08,3,GROCERY I,0,519.295
1525,2017-03-09,3,GROCERY I,0,594.295
1526,2017-03-10,3,GROCERY I,0,341.783
1527,2017-03-11,3,GROCERY I,0,329.917
1528,2017-03-12,3,GROCERY I,0,488.35
1529,2017-03-13,3,GROCERY I,0,389.13
1530,2017-03-14,3,GROCERY I,0,593.868
1531,2017-03-15,3,GROCERY I,0,744.119
1532,2017-03-16,3,GROCERY I,0,367.081
1533,2017-03-17,3,GROCERY I,0,388.198
1534,2017-03-18,3,GROCERY I,0,369.159
1535,2017-03-19,3,GROCERY I,0,555.345
1536,2017-03-20,3,GROCERY I,0,482.876
1537,2017-03-21,3,GROCERY I,8,697.693
1538,2017-03-22,3,GROCERY I,0,487.351
1539,2017-03-23,3,GROCERY I,0,349.653
1540,2017-03-24,3,GROCERY I,0,358.524
1541,2017-03-25,3,GROCERY I,0,497.47
1542,2017-03-26,3,GROCERY I,0,357.079
1543,2017-03-27,3,GROCERY I,3,673.72
1544,2017-03-28,3,GROCERY I,4,556.492
1545,2017-03-29,3,GROCERY I,0,581.673
1546,2017-03-30,3,GROCERY I,0,363.811
1547,2017-03-31,3,GROCERY I,0,473.892
1548,2017-04-01,3,GROCERY I,0,528.319
1549,2017-04-02,3,GROCERY I,0,403.559
1550,2017-04-03,3,GROCERY I,0,449.368
1551,2017-04-04,3,GROCERY I,0,708.956
1552,2017-04-05,3,GROCERY I,5,731.575
1553,2017-04-06,3,GROCERY I,0,345.296
1554,2017-04-07,3,GROCERY I,0,457.004
1555,2017-04-08,3,GROCERY I,0,447.339
1556,2017-04-09,3,GROCERY I,0,477.716
1557,2017-04-10,3,GROCERY I,8,861.486
1558,2017-04-11,3,GROCERY I,9,752.83
1559,2017-04-12,3,GROCERY I,10,849.646
1560,2017-04-13,3,GROCERY I,0,339.9
1561,2017-04-14,3,GROCERY I,0,572.43
1562,2017-04-15,3,GROCERY I,0,416.867
1563,2017-04-16,3,GROCERY I,0,429.18
1564,2017-04-17,3,GROCERY I,0,587.558
1565,2017-04-18,3,GROCERY I,0,648.757
1566,2017-04-19,3,GROCERY I,0,526.661
1567,2017-04-20,3,GROCERY I,0,318.449
1568,2017-04-21,3,GROCERY I,0,474.128
1569,2017-04-22,3,GROCERY I,2,511.641
1570,2017-04-23,3,GROCERY I,0,499.295
1571,2017-04-24,3,GROCERY I,0,594.743
1572,2017-04-25,3,GROCERY I,0,636.32
1573,2017-04-26,3,GROCERY I,0,549.587
1574,2017-04-27,3,GROCERY I,0,478.659
1575,2017-04-28,3,GROCERY I,0,421.104
1576,2017-04-29,3,GROCERY I,0,344.04
1577,2017-04-30,3,GROCERY I,0,552.108
1578,2017-05-01,3,GROCERY I,0,586.542
1579,2017-05-02,3,GROCERY I,0,693.54
1580,2017-05-03,3,GROCERY I,0,786.136
1581,2017-05-04,3,GROCERY I,0,354.809
1582,2017-05-05,3,GROCERY I,0,473.924
1583,2017-05-06,3,GROCERY I,0,453.017
1584,2017-05-07,3,GROCERY I,0,412.432
1585,2017-05-08,3,GROCERY I,0,370.546
1586,2017-05-09,3,GROCERY I,0,416.216
1587,2017-05-10,3,GROCERY I,0,387.457
1588,2017-05-11,3,GROCERY I,0,397.71
1589,2017-05-12,3,GROCERY I,0,534.996
1590,2017-05-13,3,GROCERY I,11,791.433
1591,2017-05-14,3,GROCERY I,0,402.377
1592,2017-05-15,3,GROCERY I,0,608.372
1593,2017-05-16,3,GROCERY I,0,434.056
1594,2017-05-17,3,GROCERY I,0,443.566
1595,2017-05-18,3,GROCERY I,0,426.482
1596,2017-05-19,3,GROCERY I,0,363.93
1597,2017-05-20,3,GROCERY I,0,315.416
1598,2017-05-21,3,GROCERY I,0,412.699
1599,2017-05-22,3,GROCERY I,0,596.564
1600,2017-05-23,3,GROCERY I,0,718.182
1601,2017-05-24,3,GROCERY I,0,394.228
1602,2017-05-25,3,GROCERY I,0,444.936
1603,2017-05-26,3,GROCERY I,0,516.207
1604,2017-05-27,3,GROCERY I,0,356.691
1605,2017-05-28,3,GROCERY I,0,625.341
1606,2017-05-29,3,GROCERY I,0,454.824
1607,2017-05-30,3,GROCERY I,5,634.011
1608,2017-05-31,3,GROCERY I,0,538.516
1609,2017-06-01,3,GROCERY I,0,528.449
1610,2017-06-02,3,GROCERY I,0,356.019
1611,2017-06-03,3,GROCERY I,0,450.776
1612,2017-06-04,3,GROCERY I,0,567.931
1613,2017-06-05,3,GROCERY I,0,586.677
1614,2017-06-06,3,GROCERY I,0,539.969
1615,2017-06-07,3,GROCERY I,0,533.287
1616,2017-06-08,3,GROCERY I,0,374.445
1617,2017-06-09,3,GROCERY I,0,439.442
1618,2017-06-10,3,GROCERY I,0,360.349
1619,2017-06-11,3,GROCERY I,0,627.858
1620,2017-06-12,3,GROCERY I,0,535.655
1621,2017-06-13,3,GROCERY I,10,564.976
1622,2017-06-14,3,GROCERY I,0,450.928
1623,2017-06-15,3,GROCERY I,0,615.469
1624,2017-06-16,3,GROCERY I,0,431.479
1625,2017-06-17,3,GROCERY I,0,410.715
1626,2017-06-18,3,GROCERY I,0,312.446
1627,2017-06-19,3,GROCERY I,0,508.314
1628,2017-06-20,3,GROCERY I,2,690.912
1629,2017-06-21,3,GROCERY I,0,457.958
1630,2017-06-22,3,GROCERY I,0,426.9
1631,2017-06-23,3,GROCERY I,0,425.892
1632,2017-06-24,3,GROCERY I,0,349.628
1633,2017-06-25,3,GROCERY I,0,546.595
1634,2017-06-26,3,GROCERY I,0,393.253
1635,2017-06-27,3,GROCERY I,0,461.099
1636,2017-06-28,3,GROCERY I,0,402.559
1637,2017-06-29,3,GROCERY I,0,447.157
1638,2017-06-30,3,GROCERY I,0,630.372
1639,2017-07-01,3,GROCERY I,0,451.345
1640,2017-07-02,3,GROCERY I,0,357.129
1641,2017-07-03,3,GROCERY I,0,527.297
1642,2017-07-04,3,GROCERY I,0,483.918
1643,2017-07-05,3,GROCERY I,0,460.74
1644,2017-07-06,3,GROCERY I,0,342.264
1645,2017-07-07,3,GROCERY I,0,409.291
1646,2017-07-08,3,GROCERY I,0,362.474
1647,2017-07-09,3,GROCERY I,0,473.424
1648,2017-07-10,3,GROCERY I,0,509.743
1649,2017-07-11,3,GROCERY I,0,571.049
1650,2017-07-12,3,GROCERY I,0,548.643
1651,2017-07-13,3,GROCERY I,0,531.703
1652,2017-07-14,3,GROCERY I,0,473.928
1653,2017-07-15,3,GROCERY I,0,453.826
1654,2017-07-16,3,GROCERY I,0,515.655
1655,2017-07-17,3,GROCERY I,0,606.122
1656,2017-07-18,3,GROCERY I,0,734.406
1657,2017-07-19,3,GROCERY I,0,434.058
1658,2017-07-20,3,GROCERY I,0,403.855
1659,2017-07-21,3,GROCERY I,0,404.07
1660,2017-07-22,3,GROCERY I,0,592.617
1661,2017-07-23,3,GROCERY I,0,519.19
1662,2017-07-24,3,GROCERY I,0,450.675
1663,2017-07-25,3,GROCERY I,0,463.015
1664,2017-07-26,3,GROCERY I,0,443.202
1665,2017-07-27,3,GROCERY I,0,545.526
1666,2017-07-28,3,GROCERY I,0,286.641
1667,2017-07-29,3,GROCERY I,0,365.002
1668,2017-07-30,3,GROCERY I,0,325.417
1669,2017-07-31,3,GROCERY I,0,732.35
1670,2017-08-01,3,GROCERY I,0,429.536
1671,2017-08-02,3,GROCERY I,0,391.682
1672,2017-08-03,3,GROCERY I,1,550.07
1673,2017-08-04,3,GROCERY I,5,498.925
1674,2017-08-05,3,GROCERY I,0,407.392
1675,2017-08-06,3,GROCERY I,0,340.562
1676,2017-08-07,3,GROCERY I,0,390.685
1677,2017-08-08,3,GROCERY I,0,467.771
1678,2017-08-09,3,GROCERY I,0,535.205
1679,2017-08-10,3,GROCERY I,0,616.791
1680,2017-08-11,3,GROCERY I,0,346.141
1681,2017-08-12,3,GROCERY I,0,622.42
1682,2017-08-13,3,GROCERY I,4,637.688
1683,2017-08-14,3,GROCERY I,0,409.911
1684,2017-08-15,3,GROCERY I,0,918.411
1701,2017-01-01,3,BEVERAGES,0,466.288
1702,2017-01-02,3,BEVERAGES,0,396.506
1703,2017-01-03,3,BEVERAGES,0,250.127
1704,2017-01-04,3,BEVERAGES,0,354.111
1705,2017-01-05,3,BEVERAGES,0,354.788
1706,2017-01-06,3,BEVERAGES,0,241.368
1707,2017-01-07,3,BEVERAGES,0,347.494
1708,2017-01-08,3,BEVERAGES,0,357.11
1709,2017-01-09,3,BEVERAGES,0,387.457
1710,2017-01-10,3,BEVERAGES,0,288.526
1711,2017-01-11,3,BEVERAGES,0,249.159
1712,2017-01-12,3,BEVERAGES,0,347.792
1713,2017-01-13,3,BEVERAGES,0,283.102
1714,2017-01-14,3,BEVERAGES,0,271.74
1715,2017-01-15,3,BEVERAGES,0,284.943
1716,2017-01-16,3,BEVERAGES,0,346.568
1717,2017-01-17,3,BEVERAGES,0,353.639
1718,2017-01-18,3,BEVERAGES,0,319.615
1719,2017-01-19,3,BEVERAGES,7,387.269
1720,2017-01-20,3,BEVERAGES,0,264.187
1721,2017-01-21,3,BEVERAGES,0,297.184
1722,2017-01-22,3,BEVERAGES,0,264.381
1723,2017-01-23,3,BEVERAGES,0,208.654
1724,2017-01-24,3,BEVERAGES,0,325.496
1725,2017-01-25,3,BEVERAGES,0,349.727
1726,2017-01-26,3,BEVERAGES,0,280.771
1727,2017-01-27,3,BEVERAGES,0,400.398
1728,2017-01-28,3,BEVERAGES,0,338.46
1729,2017-01-29,3,BEVERAGES,0,311.936
1730,2017-01-30,3,BEVERAGES,0,337.584
1731,2017-01-31,3,BEVERAGES,0,325.442
1732,2017-02-01,3,BEVERAGES,0,268.419
1733,2017-02-02,3,BEVERAGES,7,426.636
1734,2017-02-03,3,BEVERAGES,0,269.469
1735,2017-02-04,3,BEVERAGES,0,340.815
1736,2017-02-05,3,BEVERAGES,8,415.4
1737,2017-02-06,3,BEVERAGES,0,294.981
1738,2017-02-07,3,BEVERAGES,0,252.12
1739,2017-02-08,3,BEVERAGES,0,385.959
1740,2017-02-09,3,BEVERAGES,3,284.091
1741,2017-02-10,3,BEVERAGES,0,229.536
1742,2017-02-11,3,BEVERAGES,0,384.156
1743,2017-02-12,3,BEVERAGES,0,282.596
1744,2017-02-13,3,BEVERAGES,0,334.262
1745,2017-02-14,3,BEVERAGES,0,367.65
1746,2017-02-15,3,BEVERAGES,11,721.79
1747,2017-02-16,3,BEVERAGES,6,397.361
1748,2017-02-17,3,BEVERAGES,0,323.342
1749,2017-02-18,3,BEVERAGES,0,234.384
1750,2017-02-19,3,BEVERAGES,0,293.961
1751,2017-02-20,3,BEVERAGES,0,246.702
1752,2017-02-21,3,BEVERAGES,0,372.919
1753,2017-02-22,3,BEVERAGES,0,285.372
1754,2017-02-23,3,BEVERAGES,0,278.376
1755,2017-02-24,3,BEVERAGES,1,269.291
1756,2017-02-25,3,BEVERAGES,1,324.432
1757,2017-02-26,3,BEVERAGES,0,345.481
1758,2017-02-27,3,BEVERAGES,3,636.167
1759,2017-02-28,3,BEVERAGES,0,353.476
1760,2017-03-01,3,BEVERAGES,0,194.98
1761,2017-03-02,3,BEVERAGES,0,239.951
1762,2017-03-03,3,BEVERAGES,0,281.905
1763,2017-03-04,3,BEVERAGES,0,300.153
1764,2017-03-05,3,BEVERAGES,0,367.454
1765,2017-03-06,3,BEVERAGES,0,397.93
1766,2017-03-07,3,BEVERAGES,0,282.516
1767,2017-03-08,3,BEVERAGES,6,406.112
1768,2017-03-09,3,BEVERAGES,0,227.384
1769,2017-03-10,3,BEVERAGES,0,219.607
1770,2017-03-11,3,BEVERAGES,0,343.977
1771,2017-03-12,3,BEVERAGES,0,340.907
1772,2017-03-13,3,BEVERAGES,4,547.259
1773,2017-03-14,3,BEVERAGES,4,352.778
1774,2017-03-15,3,BEVERAGES,5,619.147
1775,2017-03-16,3,BEVERAGES,0,264.515
1776,2017-03-17,3,BEVERAGES,4,440.626
1777,2017-03-18,3,BEVERAGES,0,301.087
1778,2017-03-19,3,BEVERAGES,0,326.859
1779,2017-03-20,3,BEVERAGES,0,394.188
1780,2017-03-21,3,BEVERAGES,8,600.625
1781,2017-03-22,3,BEVERAGES,0,251.371
1782,2017-03-23,3,BEVERAGES,0,209.814
1783,2017-03-24,3,BEVERAGES,0,280.182
1784,2017-03-25,3,BEVERAGES,0,343.98
1785,2017-03-26,3,BEVERAGES,0,357.537
1786,2017-03-27,3,BEVERAGES,0,342.342
1787,2017-03-28,3,BEVERAGES,0,247.794
1788,2017-03-29,3,BEVERAGES,0,307.588
1789,2017-03-30,3,BEVERAGES,0,244.119
1790,2017-03-31,3,BEVERAGES,0,196.812
1791,2017-04-01,3,BEVERAGES,10,689.672
1792,2017-04-02,3,BEVERAGES,0,453.579
1793,2017-04-03,3,BEVERAGES,0,341.74
1794,2017-04-04,3,BEVERAGES,0,312.21
1795,2017-04-05,3,BEVERAGES,0,364.348
1796,2017-04-06,3,BEVERAGES,0,241.238
1797,2017-04-07,3,BEVERAGES,0,254.174
1798,2017-04-08,3,BEVERAGES,0,241.718
1799,2017-04-09,3,BEVERAGES,5,492.806
1800,2017-04-10,3,BEVERAGES,0,243.124
1801,2017-04-11,3,BEVERAGES,0,380.549
1802,2017-04-12,3,BEVERAGES,0,280.835
1803,2017-04-13,3,BEVERAGES,0,228.177
1804,2017-04-14,3,BEVERAGES,0,541.064
1805,2017-04-15,3,BEVERAGES,0,267.545
1806,2017-04-16,3,BEVERAGES,0,336.114
1807,2017-04-17,3,BEVERAGES,0,585.804
1808,2017-04-18,3,BEVERAGES,0,354.125
1809,2017-04-19,3,BEVERAGES,0,326.958
1810,2017-04-20,3,BEVERAGES,0,276.293
1811,2017-04-21,3,BEVERAGES,4,398.202
1812,2017-04-22,3,BEVERAGES,0,373.48
1813,2017-04-23,3,BEVERAGES,0,276.139
1814,2017-04-24,3,BEVERAGES,4,471.876
1815,2017-04-25,3,BEVERAGES,0,267.801
1816,2017-04-26,3,BEVERAGES,0,273.703
1817,2017-04-27,3,BEVERAGES,0,226.376
1818,2017-04-28,3,BEVERAGES,0,304.514
1819,2017-04-29,3,BEVERAGES,0,285.806
1820,2017-04-30,3,BEVERAGES,0,347.833
1821,2017-05-01,3,BEVERAGES,4,727.074
1822,2017-05-02,3,BEVERAGES,0,374.388
1823,2017-05-03,3,BEVERAGES,0,364.317
1824,2017-05-04,3,BEVERAGES,0,290.61
1825,2017-05-05,3,BEVERAGES,0,270.644
1826,2017-05-06,3,BEVERAGES,0,368.865
1827,2017-05-07,3,BEVERAGES,0,309.308
1828,2017-05-08,3,BEVERAGES,0,327.242
1829,2017-05-09,3,BEVERAGES,10,606.022
1830,2017-05-10,3,BEVERAGES,0,332.663
1831,2017-05-11,3,BEVERAGES,0,312.387
1832,2017-05-12,3,BEVERAGES,0,291.68
1833,2017-05-13,3,BEVERAGES,0,302.692
1834,2017-05-14,3,BEVERAGES,0,291.242
1835,2017-05-15,3,BEVERAGES,0,512.255
1836,2017-05-16,3,BEVERAGES,0,365.042
1837,2017-05-17,3,BEVERAGES,0,311.695
1838,2017-05-18,3,BEVERAGES,0,282.97
1839,2017-05-19,3,BEVERAGES,3,414.918
1840,2017-05-20,3,BEVERAGES,0,264.271
1841,2017-05-21,3,BEVERAGES,0,259.963
1842,2017-05-22,3,BEVERAGES,0,298.3
1843,2017-05-23,3,BEVERAGES,0,386.905
1844,2017-05-24,3,BEVERAGES,0,329.538
1845,2017-05-25,3,BEVERAGES,0,277.13
1846,2017-05-26,3,BEVERAGES,0,405.825
1847,2017-05-27,3,BEVERAGES,0,338.028
1848,2017-05-28,3,BEVERAGES,0,359.797
1849,2017-05-29,3,BEVERAGES,0,288.179
1850,2017-05-30,3,BEVERAGES,0,435.903
1851,2017-05-31,3,BEVERAGES,9,484.706
1852,2017-06-01,3,BEVERAGES,0,276.09
1853,2017-06-02,3,BEVERAGES,0,248.913
1854,2017-06-03,3,BEVERAGES,11,637.148
1855,2017-06-04,3,BEVERAGES,0,294.744
1856,2017-06-05,3,BEVERAGES,0,448.473
1857,2017-06-06,3,BEVERAGES,0,324.702
1858,2017-06-07,3,BEVERAGES,0,324.63
1859,2017-06-08,3,BEVERAGES,0,225.031
1860,2017-06-09,3,BEVERAGES,0,283.044
1861,2017-06-10,3,BEVERAGES,0,361.708
1862,2017-06-11,3,BEVERAGES,0,356.892
1863,2017-06-12,3,BEVERAGES,0,259.531
1864,2017-06-13,3,BEVERAGES,0,318.169
1865,2017-06-14,3,BEVERAGES,0,410.921
1866,2017-06-15,3,BEVERAGES,0,347.685
1867,2017-06-16,3,BEVERAGES,0,305.569
1868,2017-06-17,3,BEVERAGES,0,384.774
1869,2017-06-18,3,BEVERAGES,1,424.967
1870,2017-06-19,3,BEVERAGES,0,418.769
1871,2017-06-20,3,BEVERAGES,0,328.574
1872,2017-06-21,3,BEVERAGES,0,281.424
1873,2017-06-22,3,BEVERAGES,2,253.954
1874,2017-06-23,3,BEVERAGES,0,282.871
1875,2017-06-24,3,BEVERAGES,0,332.794
1876,2017-06-25,3,BEVERAGES,0,328.949
1877,2017-06-26,3,BEVERAGES,11,750.835
1878,2017-06-27,3,BEVERAGES,0,293.361
1879,2017-06-28,3,BEVERAGES,0,260.875
1880,2017-06-29,3,BEVERAGES,0,255.695
1881,2017-06-30,3,BEVERAGES,0,472.404
1882,2017-07-01,3,BEVERAGES,0,315.819
1883,2017-07-02,3,BEVERAGES,0,390.277
1884,2017-07-03,3,BEVERAGES,7,476.287
1885,2017-07-04,3,BEVERAGES,0,372.487
1886,2017-07-05,3,BEVERAGES,0,366.574
1887,2017-07-06,3,BEVERAGES,0,259.084
1888,2017-07-07,3,BEVERAGES,0,252.213
1889,2017-07-08,3,BEVERAGES,0,337.814
1890,2017-07-09,3,BEVERAGES,0,272.187
1891,2017-07-10,3,BEVERAGES,0,288.921
1892,2017-07-11,3,BEVERAGES,0,245.331
1893,2017-07-12,3,BEVERAGES,0,254.497
1894,2017-07-13,3,BEVERAGES,0,303.09
1895,2017-07-14,3,BEVERAGES,0,351.421
1896,2017-07-15,3,BEVERAGES,0,346.005
1897,2017-07-16,3,BEVERAGES,0,268.703
1898,2017-07-17,3,BEVERAGES,0,420.607
1899,2017-07-18,3,BEVERAGES,0,318.688
1900,2017-07-19,3,BEVERAGES,0,328.4
1901,2017-07-20,3,BEVERAGES,0,246.161
1902,2017-07-21,3,BEVERAGES,0,211.574
1903,2017-07-22,3,BEVERAGES,0,374.932
1904,2017-07-23,3,BEVERAGES,0,404.056
1905,2017-07-24,3,BEVERAGES,0,330.815
1906,2017-07-25,3,BEVERAGES,0,283.124
1907,2017-07-26,3,BEVERAGES,0,290.656
1908,2017-07-27,3,BEVERAGES,0,206.633
1909,2017-07-28,3,BEVERAGES,0,233.874
1910,2017-07-29,3,BEVERAGES,0,279.437
1911,2017-07-30,3,BEVERAGES,0,336.334
1912,2017-07-31,3,BEVERAGES,0,395.854
1913,2017-08-01,3,BEVERAGES,0,361.289
1914,2017-08-02,3,BEVERAGES,0,251.374
1915,2017-08-03,3,BEVERAGES,0,269.392
1916,2017-08-04,3,BEVERAGES,0,274.354
1917,2017-08-05,3,BEVERAGES,0,432.945
1918,2017-08-06,3,BEVERAGES,0,377.824
1919,2017-08-07,3,BEVERAGES,0,429.701
1920,2017-08-08,3,BEVERAGES,0,350.422
1921,2017-08-09,3,BEVERAGES,9,405.569
1922,2017-08-10,3,BEVERAGES,0,384.585
1923,2017-08-11,3,BEVERAGES,0,370.994
1924,2017-08-12,3,BEVERAGES,0,299.084
1925,2017-08-13,3,BEVERAGES,0,371.327
1926,2017-08-14,3,BEVERAGES,0,282.209
1927,2017-08-15,3,BEVERAGES,0,535.84
1944,2017-01-01,3,PRODUCE,0,259.732
1945,2017-01-02,3,PRODUCE,0,138.405
1946,2017-01-03,3,PRODUCE,0,120.444
1947,2017-01-04,3,PRODUCE,0,172.713
1948,2017-01-05,3,PRODUCE,0,162.022
1949,2017-01-06,3,PRODUCE,0,194.861
1950,2017-01-07,3,PRODUCE,0,156.796
1951,2017-01-08,3,PRODUCE,0,118.793
1952,2017-01-09,3,PRODUCE,0,163.881
1953,2017-01-10,3,PRODUCE,0,173.019
1954,2017-01-11,3,PRODUCE,0,224.355
1955,2017-01-12,3,PRODUCE,0,220.277
1956,2017-01-13,3,PRODUCE,0,223.51
1957,2017-01-14,3,PRODUCE,7,333.07
1958,2017-01-15,3,PRODUCE,0,211.271
1959,2017-01-16,3,PRODUCE,0,174.888
1960,2017-01-17,3,PRODUCE,0,207.98
1961,2017-01-18,3,PRODUCE,0,180.028
1962,2017-01-19,3,PRODUCE,0,202.109
1963,2017-01-20,3,PRODUCE,1,170.502
1964,2017-01-21,3,PRODUCE,0,225.517
1965,2017-01-22,3,PRODUCE,0,133.445
1966,2017-01-23,3,PRODUCE,7,245.942
1967,2017-01-24,3,PRODUCE,0,142.533
1968,2017-01-25,3,PRODUCE,0,178.097
1969,2017-01-26,3,PRODUCE,0,241.664
1970,2017-01-27,3,PRODUCE,11,379.861
1971,2017-01-28,3,PRODUCE,2,257.793
1972,2017-01-29,3,PRODUCE,0,178.933
1973,2017-01-30,3,PRODUCE,0,189.335
1974,2017-01-31,3,PRODUCE,0,190.767
1975,2017-02-01,3,PRODUCE,0,146.007
1976,2017-02-02,3,PRODUCE,0,249.969
1977,2017-02-03,3,PRODUCE,0,220.086
1978,2017-02-04,3,PRODUCE,0,153.818
1979,2017-02-05,3,PRODUCE,0,180.085
1980,2017-02-06,3,PRODUCE,0,188.881
1981,2017-02-07,3,PRODUCE,0,137.281
1982,2017-02-08,3,PRODUCE,0,154.816
1983,2017-02-09,3,PRODUCE,0,181.033
1984,2017-02-10,3,PRODUCE,0,309.948
1985,2017-02-11,3,PRODUCE,0,217.465
1986,2017-02-12,3,PRODUCE,0,220.602
1987,2017-02-13,3,PRODUCE,0,72.62
1988,2017-02-14,3,PRODUCE,0,108.388
1989,2017-02-15,3,PRODUCE,0,116.985
1990,2017-02-16,3,PRODUCE,0,120.804
1991,2017-02-17,3,PRODUCE,0,241.593
1992,2017-02-18,3,PRODUCE,8,293.937
1993,2017-02-19,3,PRODUCE,0,200.279
1994,2017-02-20,3,PRODUCE,0,111.884
1995,2017-02-21,3,PRODUCE,0,133.314
1996,2017-02-22,3,PRODUCE,0,178.287
1997,2017-02-23,3,PRODUCE,0,212.098
1998,2017-02-24,3,PRODUCE,0,190.386
1999,2017-02-25,3,PRODUCE,8,298.169
2000,2017-02-26,3,PRODUCE,0,189.307
2001,2017-02-27,3,PRODUCE,0,198.355
2002,2017-02-28,3,PRODUCE,0,177.011
2003,2017-03-01,3,PRODUCE,0,160.624
2004,2017-03-02,3,PRODUCE,0,166.872
2005,2017-03-03,3,PRODUCE,8,323.723
2006,2017-03-04,3,PRODUCE,0,176.145
2007,2017-03-05,3,PRODUCE,0,189.444
2008,2017-03-06,3,PRODUCE,0,145.418
2009,2017-03-07,3,PRODUCE,0,144.985
2010,2017-03-08,3,PRODUCE,0,121.568
2011,2017-03-09,3,PRODUCE,0,236.03
2012,2017-03-10,3,PRODUCE,0,272.09
2013,2017-03-11,3,PRODUCE,0,183.892
2014,2017-03-12,3,PRODUCE,0,262.795
2015,2017-03-13,3,PRODUCE,0,148.98
2016,2017-03-14,3,PRODUCE,10,265.767
2017,2017-03-15,3,PRODUCE,0,214.602
2018,2017-03-16,3,PRODUCE,0,192.098
2019,2017-03-17,3,PRODUCE,0,212.222
2020,2017-03-18,3,PRODUCE,0,225.623
2021,2017-03-19,3,PRODUCE,11,356.152
2022,2017-03-20,3,PRODUCE,0,153.213
2023,2017-03-21,3,PRODUCE,0,142.839
2024,2017-03-22,3,PRODUCE,0,170.714
2025,2017-03-23,3,PRODUCE,0,184.968
2026,2017-03-24,3,PRODUCE,0,203.417
2027,2017-03-25,3,PRODUCE,0,175.029
2028,2017-03-26,3,PRODUCE,0,119.919
2029,2017-03-27,3,PRODUCE,0,204.795
2030,2017-03-28,3,PRODUCE,0,111.102
2031,2017-03-29,3,PRODUCE,0,187.093
2032,2017-03-30,3,PRODUCE,0,211.662
2033,2017-03-31,3,PRODUCE,0,253.043
2034,2017-04-01,3,PRODUCE,0,225.675
2035,2017-04-02,3,PRODUCE,0,134.961
2036,2017-04-03,3,PRODUCE,5,240.234
2037,2017-04-04,3,PRODUCE,0,189.817
2038,2017-04-05,3,PRODUCE,0,173.386
2039,2017-04-06,3,PRODUCE,0,178.267
2040,2017-04-07,3,PRODUCE,0,303.12
2041,2017-04-08,3,PRODUCE,0,173.39
2042,2017-04-09,3,PRODUCE,0,181.096
2043,2017-04-10,3,PRODUCE,0,215.43
2044,2017-04-11,3,PRODUCE,0,192.801
2045,2017-04-12,3,PRODUCE,0,164.481
2046,2017-04-13,3,PRODUCE,0,195.254
2047,2017-04-14,3,PRODUCE,0,263.271
2048,2017-04-15,3,PRODUCE,0,212.958
2049,2017-04-16,3,PRODUCE,0,142.89
2050,2017-04-17,3,PRODUCE,0,220.018
2051,2017-04-18,3,PRODUCE,0,131.737
2052,2017-04-19,3,PRODUCE,0,203.439
2053,2017-04-20,3,PRODUCE,0,170.292
2054,2017-04-21,3,PRODUCE,0,210.75
2055,2017-04-22,3,PRODUCE,0,184.55
2056,2017-04-23,3,PRODUCE,0,190.384
2057,2017-04-24,3,PRODUCE,0,124.504
2058,2017-04-25,3,PRODUCE,0,146.792
2059,2017-04-26,3,PRODUCE,0,139.7
2060,2017-04-27,3,PRODUCE,0,153.727
2061,2017-04-28,3,PRODUCE,0,213.593
2062,2017-04-29,3,PRODUCE,0,221.751
2063,2017-04-30,3,PRODUCE,6,318.842
2064,2017-05-01,3,PRODUCE,0,221.217
2065,2017-05-02,3,PRODUCE,0,122.206
2066,2017-05-03,3,PRODUCE,1,127.647
2067,2017-05-04,3,PRODUCE,0,219.407
2068,2017-05-05,3,PRODUCE,0,178.241
2069,2017-05-06,3,PRODUCE,0,200.402
2070,2017-05-07,3,PRODUCE,0,171.346
2071,2017-05-08,3,PRODUCE,0,189.052
2072,2017-05-09,3,PRODUCE,0,120.082
2073,2017-05-10,3,PRODUCE,0,157.946
2074,2017-05-11,3,PRODUCE,0,238.937
2075,2017-05-12,3,PRODUCE,0,233.526
2076,2017-05-13,3,PRODUCE,0,191.744
2077,2017-05-14,3,PRODUCE,0,214.501
2078,2017-05-15,3,PRODUCE,6,236.105
2079,2017-05-16,3,PRODUCE,0,178.629
2080,2017-05-17,3,PRODUCE,0,210.465
2081,2017-05-18,3,PRODUCE,0,229.101
2082,2017-05-19,3,PRODUCE,0,180.547
2083,2017-05-20,3,PRODUCE,0,173.021
2084,2017-05-21,3,PRODUCE,0,224.444
2085,2017-05-22,3,PRODUCE,0,230.093
2086,2017-05-23,3,PRODUCE,0,160.282
2087,2017-05-24,3,PRODUCE,0,171.512
2088,2017-05-25,3,PRODUCE,11,308.577
2089,2017-05-26,3,PRODUCE,0,241.915
2090,2017-05-27,3,PRODUCE,0,191.253
2091,2017-05-28,3,PRODUCE,0,203.574
2092,2017-05-29,3,PRODUCE,0,228.322
2093,2017-05-30,3,PRODUCE,0,148.817
2094,2017-05-31,3,PRODUCE,0,276.08
2095,2017-06-01,3,PRODUCE,0,185.265
2096,2017-06-02,3,PRODUCE,0,265.448
2097,2017-06-03,3,PRODUCE,0,209.471
2098,2017-06-04,3,PRODUCE,9,295.395
2099,2017-06-05,3,PRODUCE,0,218.008
2100,2017-06-06,3,PRODUCE,0,132.849
2101,2017-06-07,3,PRODUCE,0,212.423
2102,2017-06-08,3,PRODUCE,0,204.497
2103,2017-06-09,3,PRODUCE,0,215.972
2104,2017-06-10,3,PRODUCE,0,197.861
2105,2017-06-11,3,PRODUCE,0,167.708
2106,2017-06-12,3,PRODUCE,0,260.649
2107,2017-06-13,3,PRODUCE,0,123.751
2108,2017-06-14,3,PRODUCE,0,195.16
2109,2017-06-15,3,PRODUCE,2,255.948
2110,2017-06-16,3,PRODUCE,0,187.948
2111,2017-06-17,3,PRODUCE,0,145.127
2112,2017-06-18,3,PRODUCE,2,235.364
2113,2017-06-19,3,PRODUCE,10,321.518
2114,2017-06-20,3,PRODUCE,11,328.859
2115,2017-06-21,3,PRODUCE,0,207.06
2116,2017-06-22,3,PRODUCE,0,157.153
2117,2017-06-23,3,PRODUCE,9,601.784
2118,2017-06-24,3,PRODUCE,0,139.394
2119,2017-06-25,3,PRODUCE,0,170.367
2120,2017-06-26,3,PRODUCE,0,184.154
2121,2017-06-27,3,PRODUCE,0,194.12
2122,2017-06-28,3,PRODUCE,0,221.332
2123,2017-06-29,3,PRODUCE,0,259.964
2124,2017-06-30,3,PRODUCE,0,224.354
2125,2017-07-01,3,PRODUCE,0,254.043
2126,2017-07-02,3,PRODUCE,0,170.579
2127,2017-07-03,3,PRODUCE,0,202.371
2128,2017-07-04,3,PRODUCE,3,173.9
2129,2017-07-05,3,PRODUCE,0,129.05
2130,2017-07-06,3,PRODUCE,3,220.322
2131,2017-07-07,3,PRODUCE,0,125.704
2132,2017-07-08,3,PRODUCE,0,176.993
2133,2017-07-09,3,PRODUCE,0,161.73
2134,2017-07-10,3,PRODUCE,0,167.171
2135,2017-07-11,3,PRODUCE,0,130.46
2136,2017-07-12,3,PRODUCE,0,222.071
2137,2017-07-13,3,PRODUCE,0,143.778
2138,2017-07-14,3,PRODUCE,0,229.438
2139,2017-07-15,3,PRODUCE,0,130.81
2140,2017-07-16,3,PRODUCE,0,136.902
2141,2017-07-17,3,PRODUCE,0,172.302
2142,2017-07-18,3,PRODUCE,7,277.846
2143,2017-07-19,3,PRODUCE,5,198.915
2144,2017-07-20,3,PRODUCE,0,140.492
2145,2017-07-21,3,PRODUCE,0,190.637
2146,2017-07-22,3,PRODUCE,0,187.985
2147,2017-07-23,3,PRODUCE,0,139.02
2148,2017-07-24,3,PRODUCE,0,142.508
2149,2017-07-25,3,PRODUCE,0,104.436
2150,2017-07-26,3,PRODUCE,0,215.243
2151,2017-07-27,3,PRODUCE,0,174.664
2152,2017-07-28,3,PRODUCE,0,216.587
2153,2017-07-29,3,PRODUCE,0,221.209
2154,2017-07-30,3,PRODUCE,0,138.821
2155,2017-07-31,3,PRODUCE,0,213.466
2156,2017-08-01,3,PRODUCE,0,141.023
2157,2017-08-02,3,PRODUCE,3,200.176
2158,2017-08-03,3,PRODUCE,0,148.665
2159,2017-08-04,3,PRODUCE,0,193.013
2160,2017-08-05,3,PRODUCE,0,216.758
2161,2017-08-06,3,PRODUCE,0,146.325
2162,2017-08-07,3,PRODUCE,0,145.699
2163,2017-08-08,3,PRODUCE,0,159.647
2164,2017-08-09,3,PRODUCE,0,181.708
2165,2017-08-10,3,PRODUCE,0,255.496
2166,2017-08-11,3,PRODUCE,0,159.583
2167,2017-08-12,3,PRODUCE,0,158.804
2168,2017-08-13,3,PRODUCE,0,186.305
2169,2017-08-14,3,PRODUCE,0,100.342
2170,2017-08-15,3,PRODUCE,0,338.692
2187,2017-01-01,3,CLEANING,9,350.011
2188,2017-01-02,3,CLEANING,0,95.998
2189,2017-01-03,3,CLEANING,7,109.135
2190,2017-01-04,3,CLEANING,0,109.863
2191,2017-01-05,3,CLEANING,0,90.059
2192,2017-01-06,3,CLEANING,0,78.738
2193,2017-01-07,3,CLEANING,0,109.688
2194,2017-01-08,3,CLEANING,0,106.59
2195,2017-01-09,3,CLEANING,0,136.095
2196,2017-01-10,3,CLEANING,0,90.151
2197,2017-01-11,3,CLEANING,0,80.361
2198,2017-01-12,3,CLEANING,0,63.757
2199,2017-01-13,3,CLEANING,0,91.402
2200,2017-01-14,3,CLEANING,0,106.117
2201,2017-01-15,3,CLEANING,0,184.722
2202,2017-01-16,3,CLEANING,0,83.574
2203,2017-01-17,3,CLEANING,0,95.66
2204,2017-01-18,3,CLEANING,0,79.983
2205,2017-01-19,3,CLEANING,0,101.945
2206,2017-01-20,3,CLEANING,0,101.366
2207,2017-01-21,3,CLEANING,0,139.774
2208,2017-01-22,3,CLEANING,0,87.995
2209,2017-01-23,3,CLEANING,0,105.202
2210,2017-01-24,3,CLEANING,0,79.123
2211,2017-01-25,3,CLEANING,0,54.512
2212,2017-01-26,3,CLEANING,0,107.577
2213,2017-01-27,3,CLEANING,0,95.79
2214,2017-01-28,3,CLEANING,0,114.73
2215,2017-01-29,3,CLEANING,0,148.731
2216,2017-01-30,3,CLEANING,0,117.426
2217,2017-01-31,3,CLEANING,0,101.278
2218,2017-02-01,3,CLEANING,0,101.541
2219,2017-02-02,3,CLEANING,0,80.739
2220,2017-02-03,3,CLEANING,0,88.333
2221,2017-02-04,3,CLEANING,0,106.331
2222,2017-02-05,3,CLEANING,0,140.821
2223,2017-02-06,3,CLEANING,0,121.099
2224,2017-02-07,3,CLEANING,0,88.875
2225,2017-02-08,3,CLEANING,8,177.827
2226,2017-02-09,3,CLEANING,0,105.952
2227,2017-02-10,3,CLEANING,0,102.438
2228,2017-02-11,3,CLEANING,0,97.175
2229,2017-02-12,3,CLEANING,0,103.203
2230,2017-02-13,3,CLEANING,0,101.11
2231,2017-02-14,3,CLEANING,0,90.36
2232,2017-02-15,3,CLEANING,0,98.835
2233,2017-02-16,3,CLEANING,0,107.943
2234,2017-02-17,3,CLEANING,0,99.742
2235,2017-02-18,3,CLEANING,0,106.756
2236,2017-02-19,3,CLEANING,0,99.289
2237,2017-02-20,3,CLEANING,0,100.078
2238,2017-02-21,3,CLEANING,0,120.112
2239,2017-02-22,3,CLEANING,0,74.754
2240,2017-02-23,3,CLEANING,0,96.485
2241,2017-02-24,3,CLEANING,0,116.754
2242,2017-02-25,3,CLEANING,0,114.529
2243,2017-02-26,3,CLEANING,0,88.65
2244,2017-02-27,3,CLEANING,0,109.643
2245,2017-02-28,3,CLEANING,0,114.837
2246,2017-03-01,3,CLEANING,0,87.973
2247,2017-03-02,3,CLEANING,1,107.784
2248,2017-03-03,3,CLEANING,0,98.918
2249,2017-03-04,3,CLEANING,0,76.417
2250,2017-03-05,3,CLEANING,0,106.855
2251,2017-03-06,3,CLEANING,0,115.095
2252,2017-03-07,3,CLEANING,0,61.633
2253,2017-03-08,3,CLEANING,0,138.477
2254,2017-03-09,3,CLEANING,0,97.194
2255,2017-03-10,3,CLEANING,0,128.082
2256,2017-03-11,3,CLEANING,0,94.342
2257,2017-03-12,3,CLEANING,0,142.745
2258,2017-03-13,3,CLEANING,0,81.922
2259,2017-03-14,3,CLEANING,0,72.529
2260,2017-03-15,3,CLEANING,0,91.406
2261,2017-03-16,3,CLEANING,0,81.193
2262,2017-03-17,3,CLEANING,0,122.621
2263,2017-03-18,3,CLEANING,0,82.276
2264,2017-03-19,3,CLEANING,0,102.642
2265,2017-03-20,3,CLEANING,0,77.592
2266,2017-03-21,3,CLEANING,0,92.138
2267,2017-03-22,3,CLEANING,0,119.667
2268,2017-03-23,3,CLEANING,0,83.944
2269,2017-03-24,3,CLEANING,0,122.317
2270,2017-03-25,3,CLEANING,0,112.147
2271,2017-03-26,3,CLEANING,0,114.884
2272,2017-03-27,3,CLEANING,0,93.087
2273,2017-03-28,3,CLEANING,0,94.854
2274,2017-03-29,3,CLEANING,0,83.349
2275,2017-03-30,3,CLEANING,0,69.022
2276,2017-03-31,3,CLEANING,0,93.128
2277,2017-04-01,3,CLEANING,0,110.694
2278,2017-04-02,3,CLEANING,0,122.188
2279,2017-04-03,3,CLEANING,1,91.059
2280,2017-04-04,3,CLEANING,0,87.088
2281,2017-04-05,3,CLEANING,0,87.301
2282,2017-04-06,3,CLEANING,0,134.109
2283,2017-04-07,3,CLEANING,0,135.754
2284,2017-04-08,3,CLEANING,0,125.648
2285,2017-04-09,3,CLEANING,11,176.534
2286,2017-04-10,3,CLEANING,0,107.176
2287,2017-04-11,3,CLEANING,11,171.868
2288,2017-04-12,3,CLEANING,4,156.56
2289,2017-04-13,3,CLEANING,0,77.976
2290,2017-04-14,3,CLEANING,0,195.351
2291,2017-04-15,3,CLEANING,0,130.644
2292,2017-04-16,3,CLEANING,0,79.377
2293,2017-04-17,3,CLEANING,0,106.712
2294,2017-04-18,3,CLEANING,0,77.336
2295,2017-04-19,3,CLEANING,0,70.595
2296,2017-04-20,3,CLEANING,0,120.708
2297,2017-04-21,3,CLEANING,0,93.144
2298,2017-04-22,3,CLEANING,0,85.578
2299,2017-04-23,3,CLEANING,0,109.044
2300,2017-04-24,3,CLEANING,0,124.232
2301,2017-04-25,3,CLEANING,5,105.704
2302,2017-04-26,3,CLEANING,0,73.363
2303,2017-04-27,3,CLEANING,0,72.045
2304,2017-04-28,3,CLEANING,0,94.867
2305,2017-04-29,3,CLEANING,0,89.834
2306,2017-04-30,3,CLEANING,0,149.077
2307,2017-05-01,3,CLEANING,0,109.274
2308,2017-05-02,3,CLEANING,0,75.691
2309,2017-05-03,3,CLEANING,0,84.954
2310,2017-05-04,3,CLEANING,0,91.79
2311,2017-05-05,3,CLEANING,0,63.415
2312,2017-05-06,3,CLEANING,0,143.856
2313,2017-05-07,3,CLEANING,0,89.076
2314,2017-05-08,3,CLEANING,0,125.901
2315,2017-05-09,3,CLEANING,0,77.201
2316,2017-05-10,3,CLEANING,0,114.971
2317,2017-05-11,3,CLEANING,0,95.871
2318,2017-05-12,3,CLEANING,0,118.133
2319,2017-05-13,3,CLEANING,0,122.841
2320,2017-05-14,3,CLEANING,6,159.052
2321,2017-05-15,3,CLEANING,0,159.209
2322,2017-05-16,3,CLEANING,0,83.728
2323,2017-05-17,3,CLEANING,0,100.668
2324,2017-05-18,3,CLEANING,0,98.071
2325,2017-05-19,3,CLEANING,9,156.571
2326,2017-05-20,3,CLEANING,3,127.596
2327,2017-05-21,3,CLEANING,0,137.764
2328,2017-05-22,3,CLEANING,0,115.349
2329,2017-05-23,3,CLEANING,0,72.732
2330,2017-05-24,3,CLEANING,0,180.721
2331,2017-05-25,3,CLEANING,0,105.003
2332,2017-05-26,3,CLEANING,0,85.636
2333,2017-05-27,3,CLEANING,0,94.091
2334,2017-05-28,3,CLEANING,0,99.045
2335,2017-05-29,3,CLEANING,2,112.343
2336,2017-05-30,3,CLEANING,0,123.905
2337,2017-05-31,3,CLEANING,0,91.407
2338,2017-06-01,3,CLEANING,0,80.459
2339,2017-06-02,3,CLEANING,0,123.058
2340,2017-06-03,3,CLEANING,0,109.242
2341,2017-06-04,3,CLEANING,0,76.59
2342,2017-06-05,3,CLEANING,0,109.195
2343,2017-06-06,3,CLEANING,0,113.796
2344,2017-06-07,3,CLEANING,0,99.905
2345,2017-06-08,3,CLEANING,0,110.085
2346,2017-06-09,3,CLEANING,0,91.302
2347,2017-06-10,3,CLEANING,0,97.904
2348,2017-06-11,3,CLEANING,0,106.566
2349,2017-06-12,3,CLEANING,0,77.472
2350,2017-06-13,3,CLEANING,0,97.886
2351,2017-06-14,3,CLEANING,0,105.584
2352,2017-06-15,3,CLEANING,0,119.571
2353,2017-06-16,3,CLEANING,0,125.042
2354,2017-06-17,3,CLEANING,0,138.396
2355,2017-06-18,3,CLEANING,0,103.676
2356,2017-06-19,3,CLEANING,0,133.588
2357,2017-06-20,3,CLEANING,0,117.123
2358,2017-06-21,3,CLEANING,0,83.561
2359,2017-06-22,3,CLEANING,0,69.788
2360,2017-06-23,3,CLEANING,0,124.026
2361,2017-06-24,3,CLEANING,0,109.312
2362,2017-06-25,3,CLEANING,0,65.588
2363,2017-06-26,3,CLEANING,0,100.777
2364,2017-06-27,3,CLEANING,0,88.812
2365,2017-06-28,3,CLEANING,0,88.178
2366,2017-06-29,3,CLEANING,0,85.149
2367,2017-06-30,3,CLEANING,0,118.848
2368,2017-07-01,3,CLEANING,0,101.509
2369,2017-07-02,3,CLEANING,0,121.503
2370,2017-07-03,3,CLEANING,7,146.9
2371,2017-07-04,3,CLEANING,0,80.02
2372,2017-07-05,3,CLEANING,0,70.887
2373,2017-07-06,3,CLEANING,7,142.16
2374,2017-07-07,3,CLEANING,4,101.479
2375,2017-07-08,3,CLEANING,0,77.517
2376,2017-07-09,3,CLEANING,0,117.727
2377,2017-07-10,3,CLEANING,0,94.262
2378,2017-07-11,3,CLEANING,0,80.862
2379,2017-07-12,3,CLEANING,0,93.384
2380,2017-07-13,3,CLEANING,0,114.962
2381,2017-07-14,3,CLEANING,0,93.355
2382,2017-07-15,3,CLEANING,0,106.517
2383,2017-07-16,3,CLEANING,0,128.067
2384,2017-07-17,3,CLEANING,0,104.798
2385,2017-07-18,3,CLEANING,0,71.324
2386,2017-07-19,3,CLEANING,0,97.515
2387,2017-07-20,3,CLEANING,0,58.909
2388,2017-07-21,3,CLEANING,0,103.779
2389,2017-07-22,3,CLEANING,0,122.269
2390,2017-07-23,3,CLEANING,0,133.26
2391,2017-07-24,3,CLEANING,0,98.166
2392,2017-07-25,3,CLEANING,0,140.197
2393,2017-07-26,3,CLEANING,0,76.738
2394,2017-07-27,3,CLEANING,0,88.31
2395,2017-07-28,3,CLEANING,0,91.195
2396,2017-07-29,3,CLEANING,0,101.459
2397,2017-07-30,3,CLEANING,0,110.778
2398,2017-07-31,3,CLEANING,0,121.039
2399,2017-08-01,3,CLEANING,0,103.079
2400,2017-08-02,3,CLEANING,0,78.704
2401,2017-08-03,3,CLEANING,0,83.031
2402,2017-08-04,3,CLEANING,0,104.382
2403,2017-08-05,3,CLEANING,0,81.642
2404,2017-08-06,3,CLEANING,0,93.962
2405,2017-08-07,3,CLEANING,0,108.642
2406,2017-08-08,3,CLEANING,0,87.392
2407,2017-08-09,3,CLEANING,0,62.921
2408,2017-08-10,3,CLEANING,0,73.789
2409,2017-08-11,3,CLEANING,0,90.139
2410,2017-08-12,3,CLEANING,0,127.414
2411,2017-08-13,3,CLEANING,0,92.72
2412,2017-08-14,3,CLEANING,0,81.357
2413,2017-08-15,3,CLEANING,0,196.113
2430,2017-01-01,3,DAIRY,0,172.628
2431,2017-01-02,3,DAIRY,0,92.158
2432,2017-01-03,3,DAIRY,0,154.36
2433,2017-01-04,3,DAIRY,7,163.725
2434,2017-01-05,3,DAIRY,0,182.976
2435,2017-01-06,3,DAIRY,2,257.371
2436,2017-01-07,3,DAIRY,0,154.013
2437,2017-01-08,3,DAIRY,0,112.276
2438,2017-01-09,3,DAIRY,0,179.282
2439,2017-01-10,3,DAIRY,0,113.345
2440,2017-01-11,3,DAIRY,0,175.936
2441,2017-01-12,3,DAIRY,0,195.58
2442,2017-01-13,3,DAIRY,0,175.384
2443,2017-01-14,3,DAIRY,0,148.398
2444,2017-01-15,3,DAIRY,0,155.944
2445,2017-01-16,3,DAIRY,0,126.687
2446,2017-01-17,3,DAIRY,0,124.689
2447,2017-01-18,3,DAIRY,0,124.368
2448,2017-01-19,3,DAIRY,0,197.931
2449,2017-01-20,3,DAIRY,0,148.808
2450,2017-01-21,3,DAIRY,0,147.148
2451,2017-01-22,3,DAIRY,0,201.248
2452,2017-01-23,3,DAIRY,0,101.081
2453,2017-01-24,3,DAIRY,0,183.119
2454,2017-01-25,3,DAIRY,0,109.371
2455,2017-01-26,3,DAIRY,0,130.439
2456,2017-01-27,3,DAIRY,0,211.179
2457,2017-01-28,3,DAIRY,7,243.26
2458,2017-01-29,3,DAIRY,0,134.514
2459,2017-01-30,3,DAIRY,0,94.676
2460,2017-01-31,3,DAIRY,0,130.798
2461,2017-02-01,3,DAIRY,0,126.137
2462,2017-02-02,3,DAIRY,11,285.012
2463,2017-02-03,3,DAIRY,0,149.866
2464,2017-02-04,3,DAIRY,0,206.18
2465,2017-02-05,3,DAIRY,0,173.579
2466,2017-02-06,3,DAIRY,8,240.595
2467,2017-02-07,3,DAIRY,0,153.528
2468,2017-02-08,3,DAIRY,0,125.801
2469,2017-02-09,3,DAIRY,0,137.878
2470,2017-02-10,3,DAIRY,0,166.838
2471,2017-02-11,3,DAIRY,7,221.98
2472,2017-02-12,3,DAIRY,0,128.585
2473,2017-02-13,3,DAIRY,0,108.488
2474,2017-02-14,3,DAIRY,0,132.489
2475,2017-02-15,3,DAIRY,0,109.628
2476,2017-02-16,3,DAIRY,0,116.908
2477,2017-02-17,3,DAIRY,0,165.585
2478,2017-02-18,3,DAIRY,0,168.522
2479,2017-02-19,3,DAIRY,9,263.068
2480,2017-02-20,3,DAIRY,11,239.913
2481,2017-02-21,3,DAIRY,0,109.407
2482,2017-02-22,3,DAIRY,0,127.223
2483,2017-02-23,3,DAIRY,5,198.77
2484,2017-02-24,3,DAIRY,0,200.638
2485,2017-02-25,3,DAIRY,0,220.27
2486,2017-02-26,3,DAIRY,0,133.221
2487,2017-02-27,3,DAIRY,7,219.954
2488,2017-02-28,3,DAIRY,0,159.469
2489,2017-03-01,3,DAIRY,0,106.895
2490,2017-03-02,3,DAIRY,0,142.235
2491,2017-03-03,3,DAIRY,0,143.601
2492,2017-03-04,3,DAIRY,6,179.026
2493,2017-03-05,3,DAIRY,0,140.997
2494,2017-03-06,3,DAIRY,0,126.865
2495,2017-03-07,3,DAIRY,0,144.618
2496,2017-03-08,3,DAIRY,0,134.98
2497,2017-03-09,3,DAIRY,0,110.215
2498,2017-03-10,3,DAIRY,0,149.062
2499,2017-03-11,3,DAIRY,0,161.477
2500,2017-03-12,3,DAIRY,0,142.735
2501,2017-03-13,3,DAIRY,0,107.6
2502,2017-03-14,3,DAIRY,0,149.424
2503,2017-03-15,3,DAIRY,0,134.333
2504,2017-03-16,3,DAIRY,0,120.648
2505,2017-03-17,3,DAIRY,0,122.688
2506,2017-03-18,3,DAIRY,0,137.438
2507,2017-03-19,3,DAIRY,0,123.594
2508,2017-03-20,3,DAIRY,0,130.935
2509,2017-03-21,3,DAIRY,0,191.779
2510,2017-03-22,3,DAIRY,0,152.665
2511,2017-03-23,3,DAIRY,0,111.742
2512,2017-03-24,3,DAIRY,0,148.026
2513,2017-03-25,3,DAIRY,0,124.011
2514,2017-03-26,3,DAIRY,0,138.587
2515,2017-03-27,3,DAIRY,0,129.309
2516,2017-03-28,3,DAIRY,0,121.018
2517,2017-03-29,3,DAIRY,1,151.236
2518,2017-03-30,3,DAIRY,0,152.983
2519,2017-03-31,3,DAIRY,0,239.914
2520,2017-04-01,3,DAIRY,0,142.1
2521,2017-04-02,3,DAIRY,0,141.339
2522,2017-04-03,3,DAIRY,0,117.527
2523,2017-04-04,3,DAIRY,0,129.265
2524,2017-04-05,3,DAIRY,0,154.72
2525,2017-04-06,3,DAIRY,0,172.009
2526,2017-04-07,3,DAIRY,0,189.365
2527,2017-04-08,3,DAIRY,0,151.137
2528,2017-04-09,3,DAIRY,0,160.671
2529,2017-04-10,3,DAIRY,0,125.617
2530,2017-04-11,3,DAIRY,0,121.226
2531,2017-04-12,3,DAIRY,0,175.447
2532,2017-04-13,3,DAIRY,0,119.823
2533,2017-04-14,3,DAIRY,0,252.273
2534,2017-04-15,3,DAIRY,0,147.407
2535,2017-04-16,3,DAIRY,0,186.326
2536,2017-04-17,3,DAIRY,0,143.083
2537,2017-04-18,3,DAIRY,0,94.861
2538,2017-04-19,3,DAIRY,0,124.521
2539,2017-04-20,3,DAIRY,0,123.188
2540,2017-04-21,3,DAIRY,0,182.312
2541,2017-04-22,3,DAIRY,0,126.063
2542,2017-04-23,3,DAIRY,0,136.676
2543,2017-04-24,3,DAIRY,0,147.371
2544,2017-04-25,3,DAIRY,0,104.52
2545,2017-04-26,3,DAIRY,8,240.893
2546,2017-04-27,3,DAIRY,0,131.64
2547,2017-04-28,3,DAIRY,0,139.14
2548,2017-04-29,3,DAIRY,0,118.011
2549,2017-04-30,3,DAIRY,0,161.473
2550,2017-05-01,3,DAIRY,0,157.246
2551,2017-05-02,3,DAIRY,0,129.629
2552,2017-05-03,3,DAIRY,0,147.351
2553,2017-05-04,3,DAIRY,0,152.405
2554,2017-05-05,3,DAIRY,0,143.222
2555,2017-05-06,3,DAIRY,0,119.693
2556,2017-05-07,3,DAIRY,6,268.255
2557,2017-05-08,3,DAIRY,0,124.018
2558,2017-05-09,3,DAIRY,10,307.226
2559,2017-05-10,3,DAIRY,0,125.452
2560,2017-05-11,3,DAIRY,0,165.622
2561,2017-05-12,3,DAIRY,7,303.329
2562,2017-05-13,3,DAIRY,0,192.9
2563,2017-05-14,3,DAIRY,0,206.608
2564,2017-05-15,3,DAIRY,0,167.154
2565,2017-05-16,3,DAIRY,2,153.709
2566,2017-05-17,3,DAIRY,0,185.285
2567,2017-05-18,3,DAIRY,0,213.399
2568,2017-05-19,3,DAIRY,0,255.306
2569,2017-05-20,3,DAIRY,0,205.271
2570,2017-05-21,3,DAIRY,0,126.927
2571,2017-05-22,3,DAIRY,0,124.221
2572,2017-05-23,3,DAIRY,0,149.278
2573,2017-05-24,3,DAIRY,0,172.759
2574,2017-05-25,3,DAIRY,0,178.134
2575,2017-05-26,3,DAIRY,0,160.975
2576,2017-05-27,3,DAIRY,0,174.376
2577,2017-05-28,3,DAIRY,7,190.186
2578,2017-05-29,3,DAIRY,0,156.755
2579,2017-05-30,3,DAIRY,0,147.669
2580,2017-05-31,3,DAIRY,0,138.186
2581,2017-06-01,3,DAIRY,1,188.162
2582,2017-06-02,3,DAIRY,0,117.824
2583,2017-06-03,3,DAIRY,0,142.126
2584,2017-06-04,3,DAIRY,10,204.326
2585,2017-06-05,3,DAIRY,0,126.079
2586,2017-06-06,3,DAIRY,0,99.289
2587,2017-06-07,3,DAIRY,0,162.489
2588,2017-06-08,3,DAIRY,0,161.555
2589,2017-06-09,3,DAIRY,0,177.202
2590,2017-06-10,3,DAIRY,4,247.401
2591,2017-06-11,3,DAIRY,0,148.566
2592,2017-06-12,3,DAIRY,0,134.643
2593,2017-06-13,3,DAIRY,0,118.216
2594,2017-06-14,3,DAIRY,7,216.913
2595,2017-06-15,3,DAIRY,0,185.158
2596,2017-06-16,3,DAIRY,0,148.709
2597,2017-06-17,3,DAIRY,0,136.507
2598,2017-06-18,3,DAIRY,0,147.55
2599,2017-06-19,3,DAIRY,0,120.475
2600,2017-06-20,3,DAIRY,0,109.794
2601,2017-06-21,3,DAIRY,0,244.162
2602,2017-06-22,3,DAIRY,0,174.376
2603,2017-06-23,3,DAIRY,6,278.144
2604,2017-06-24,3,DAIRY,0,209.512
2605,2017-06-25,3,DAIRY,0,171.173
2606,2017-06-26,3,DAIRY,0,145.137
2607,2017-06-27,3,DAIRY,0,129.23
2608,2017-06-28,3,DAIRY,0,140.203
2609,2017-06-29,3,DAIRY,0,153.581
2610,2017-06-30,3,DAIRY,0,192.616
2611,2017-07-01,3,DAIRY,0,166.653
2612,2017-07-02,3,DAIRY,0,161.887
2613,2017-07-03,3,DAIRY,0,101.65
2614,2017-07-04,3,DAIRY,0,124.31
2615,2017-07-05,3,DAIRY,3,153.26
2616,2017-07-06,3,DAIRY,0,162.312
2617,2017-07-07,3,DAIRY,0,178.378
2618,2017-07-08,3,DAIRY,0,166.666
2619,2017-07-09,3,DAIRY,0,150.347
2620,2017-07-10,3,DAIRY,0,116.302
2621,2017-07-11,3,DAIRY,10,192.865
2622,2017-07-12,3,DAIRY,0,111.271
2623,2017-07-13,3,DAIRY,0,125.851
2624,2017-07-14,3,DAIRY,0,143.992
2625,2017-07-15,3,DAIRY,0,151.621
2626,2017-07-16,3,DAIRY,0,164.111
2627,2017-07-17,3,DAIRY,0,131.747
2628,2017-07-18,3,DAIRY,0,159.099
2629,2017-07-19,3,DAIRY,0,119.121
2630,2017-07-20,3,DAIRY,0,122.297
2631,2017-07-21,3,DAIRY,0,148.069
2632,2017-07-22,3,DAIRY,0,118.35
2633,2017-07-23,3,DAIRY,0,141.488
2634,2017-07-24,3,DAIRY,0,132.957
2635,2017-07-25,3,DAIRY,0,124.654
2636,2017-07-26,3,DAIRY,0,117.127
2637,2017-07-27,3,DAIRY,6,176.671
2638,2017-07-28,3,DAIRY,0,188.246
2639,2017-07-29,3,DAIRY,0,189.879
2640,2017-07-30,3,DAIRY,2,178.488
2641,2017-07-31,3,DAIRY,0,203.577
2642,2017-08-01,3,DAIRY,0,119.725
2643,2017-08-02,3,DAIRY,6,168.576
2644,2017-08-03,3,DAIRY,0,122.442
2645,2017-08-04,3,DAIRY,0,125.993
2646,2017-08-05,3,DAIRY,0,143.293
2647,2017-08-06,3,DAIRY,0,131.918
2648,2017-08-07,3,DAIRY,0,132.425
2649,2017-08-08,3,DAIRY,0,170.498
2650,2017-08-09,3,DAIRY,0,111.89
2651,2017-08-10,3,DAIRY,0,241.013
2652,2017-08-11,3,DAIRY,0,176.334
2653,2017-08-12,3,DAIRY,0,142.301
2654,2017-08-13,3,DAIRY,0,160.518
2655,2017-08-14,3,DAIRY,0,141.534
2656,2017-08-15,3,DAIRY,0,146.225
2673,2017-01-01,3,BREAD/BAKERY,0,101.673
2674,2017-01-02,3,BREAD/BAKERY,0,84.535
2675,2017-01-03,3,BREAD/BAKERY,0,83.169
2676,2017-01-04,3,BREAD/BAKERY,0,50.55
2677,2017-01-05,3,BREAD/BAKERY,0,93.916
2678,2017-01-06,3,BREAD/BAKERY,0,87.075
2679,2017-01-07,3,BREAD/BAKERY,0,64.891
2680,2017-01-08,3,BREAD/BAKERY,0,78.856
2681,2017-01-09,3,BREAD/BAKERY,0,79.383
2682,2017-01-10,3,BREAD/BAKERY,0,109.064
2683,2017-01-11,3,BREAD/BAKERY,0,66.66
2684,2017-01-12,3,BREAD/BAKERY,0,57.83
2685,2017-01-13,3,BREAD/BAKERY,0,65.47
2686,2017-01-14,3,BREAD/BAKERY,0,50.395
2687,2017-01-15,3,BREAD/BAKERY,2,98.494
2688,2017-01-16,3,BREAD/BAKERY,3,134.539
2689,2017-01-17,3,BREAD/BAKERY,0,58.51
2690,2017-01-18,3,BREAD/BAKERY,0,66.525
2691,2017-01-19,3,BREAD/BAKERY,0,67.621
2692,2017-01-20,3,BREAD/BAKERY,0,61.284
2693,2017-01-21,3,BREAD/BAKERY,0,64.778
2694,2017-01-22,3,BREAD/BAKERY,8,129.662
2695,2017-01-23,3,BREAD/BAKERY,0,92.141
2696,2017-01-24,3,BREAD/BAKERY,0,97.036
2697,2017-01-25,3,BREAD/BAKERY,0,62.508
2698,2017-01-26,3,BREAD/BAKERY,0,63.323
2699,2017-01-27,3,BREAD/BAKERY,0,48.424
2700,2017-01-28,3,BREAD/BAKERY,0,69.528
2701,2017-01-29,3,BREAD/BAKERY,4,104.359
2702,2017-01-30,3,BREAD/BAKERY,0,82.344
2703,2017-01-31,3,BREAD/BAKERY,0,103.177
2704,2017-02-01,3,BREAD/BAKERY,0,64.157
2705,2017-02-02,3,BREAD/BAKERY,0,63.103
2706,2017-02-03,3,BREAD/BAKERY,9,116.974
2707,2017-02-04,3,BREAD/BAKERY,0,82.897
2708,2017-02-05,3,BREAD/BAKERY,0,80.571
2709,2017-02-06,3,BREAD/BAKERY,0,64.933
2710,2017-02-07,3,BREAD/BAKERY,0,81.638
2711,2017-02-08,3,BREAD/BAKERY,0,72.16
2712,2017-02-09,3,BREAD/BAKERY,0,83.484
2713,2017-02-10,3,BREAD/BAKERY,0,62.318
2714,2017-02-11,3,BREAD/BAKERY,0,55.498
2715,2017-02-12,3,BREAD/BAKERY,0,68.073
2716,2017-02-13,3,BREAD/BAKERY,0,88.109
2717,2017-02-14,3,BREAD/BAKERY,11,177.963
2718,2017-02-15,3,BREAD/BAKERY,0,71.652
2719,2017-02-16,3,BREAD/BAKERY,0,67.989
2720,2017-02-17,3,BREAD/BAKERY,0,59.59
2721,2017-02-18,3,BREAD/BAKERY,0,91.308
2722,2017-02-19,3,BREAD/BAKERY,0,52.587
2723,2017-02-20,3,BREAD/BAKERY,4,114.169
2724,2017-02-21,3,BREAD/BAKERY,0,73.433
2725,2017-02-22,3,BREAD/BAKERY,0,88.078
2726,2017-02-23,3,BREAD/BAKERY,0,87.79
2727,2017-02-24,3,BREAD/BAKERY,0,84.904
2728,2017-02-25,3,BREAD/BAKERY,8,75.816
2729,2017-02-26,3,BREAD/BAKERY,0,89.425
2730,2017-02-27,3,BREAD/BAKERY,0,117.131
2731,2017-02-28,3,BREAD/BAKERY,0,89.69
2732,2017-03-01,3,BREAD/BAKERY,0,85.362
2733,2017-03-02,3,BREAD/BAKERY,0,87.162
2734,2017-03-03,3,BREAD/BAKERY,0,50.912
2735,2017-03-04,3,BREAD/BAKERY,0,65.509
2736,2017-03-05,3,BREAD/BAKERY,0,89.836
2737,2017-03-06,3,BREAD/BAKERY,0,90.718
2738,2017-03-07,3,BREAD/BAKERY,0,106.894
2739,2017-03-08,3,BREAD/BAKERY,0,66.66
2740,2017-03-09,3,BREAD/BAKERY,0,65.078
2741,2017-03-10,3,BREAD/BAKERY,0,66.318
2742,2017-03-11,3,BREAD/BAKERY,0,65.603
2743,2017-03-12,3,BREAD/BAKERY,0,84.754
2744,2017-03-13,3,BREAD/BAKERY,0,82.285
2745,2017-03-14,3,BREAD/BAKERY,0,82.652
2746,2017-03-15,3,BREAD/BAKERY,0,76.464
2747,2017-03-16,3,BREAD/BAKERY,0,68.731
2748,2017-03-17,3,BREAD/BAKERY,8,80.591
2749,2017-03-18,3,BREAD/BAKERY,0,47.619
2750,2017-03-19,3,BREAD/BAKERY,0,69.841
2751,2017-03-20,3,BREAD/BAKERY,0,74.384
2752,2017-03-21,3,BREAD/BAKERY,0,74.939
2753,2017-03-22,3,BREAD/BAKERY,0,95.426
2754,2017-03-23,3,BREAD/BAKERY,0,74.247
2755,2017-03-24,3,BREAD/BAKERY,0,66.223
2756,2017-03-25,3,BREAD/BAKERY,0,76.128
2757,2017-03-26,3,BREAD/BAKERY,0,48.478
2758,2017-03-27,3,BREAD/BAKERY,0,92.351
2759,2017-03-28,3,BREAD/BAKERY,0,112.123
2760,2017-03-29,3,BREAD/BAKERY,0,89.19
2761,2017-03-30,3,BREAD/BAKERY,0,68.158
2762,2017-03-31,3,BREAD/BAKERY,0,104.046
2763,2017-04-01,3,BREAD/BAKERY,3,94.717
2764,2017-04-02,3,BREAD/BAKERY,0,61.657
2765,2017-04-03,3,BREAD/BAKERY,0,71.132
2766,2017-04-04,3,BREAD/BAKERY,0,77.152
2767,2017-04-05,3,BREAD/BAKERY,0,106.739
2768,2017-04-06,3,BREAD/BAKERY,0,82.704
2769,2017-04-07,3,BREAD/BAKERY,0,71.28
2770,2017-04-08,3,BREAD/BAKERY,0,79.43
2771,2017-04-09,3,BREAD/BAKERY,0,80.261
2772,2017-04-10,3,BREAD/BAKERY,0,77.787
2773,2017-04-11,3,BREAD/BAKERY,0,92.384
2774,2017-04-12,3,BREAD/BAKERY,0,75.192
2775,2017-04-13,3,BREAD/BAKERY,0,55.503
2776,2017-04-14,3,BREAD/BAKERY,0,110.744
2777,2017-04-15,3,BREAD/BAKERY,10,92.067
2778,2017-04-16,3,BREAD/BAKERY,0,84.568
2779,2017-04-17,3,BREAD/BAKERY,0,81.885
2780,2017-04-18,3,BREAD/BAKERY,0,109.228
2781,2017-04-19,3,BREAD/BAKERY,0,97.43
2782,2017-04-20,3,BREAD/BAKERY,0,52.316
2783,2017-04-21,3,BREAD/BAKERY,1,67.459
2784,2017-04-22,3,BREAD/BAKERY,0,56.878
2785,2017-04-23,3,BREAD/BAKERY,0,65.611
2786,2017-04-24,3,BREAD/BAKERY,0,78.601
2787,2017-04-25,3,BREAD/BAKERY,0,67.847
2788,2017-04-26,3,BREAD/BAKERY,0,74.631
2789,2017-04-27,3,BREAD/BAKERY,0,75.539
2790,2017-04-28,3,BREAD/BAKERY,0,67.742
2791,2017-04-29,3,BREAD/BAKERY,0,80.53
2792,2017-04-30,3,BREAD/BAKERY,0,126.093
2793,2017-05-01,3,BREAD/BAKERY,0,108.605
2794,2017-05-02,3,BREAD/BAKERY,0,78.02
2795,2017-05-03,3,BREAD/BAKERY,0,70.922
2796,2017-05-04,3,BREAD/BAKERY,0,68.923
2797,2017-05-05,3,BREAD/BAKERY,0,77.604
2798,2017-05-06,3,BREAD/BAKERY,9,128.488
2799,2017-05-07,3,BREAD/BAKERY,0,78.008
2800,2017-05-08,3,BREAD/BAKERY,0,81.935
2801,2017-05-09,3,BREAD/BAKERY,0,103.183
2802,2017-05-10,3,BREAD/BAKERY,0,73.481
2803,2017-05-11,3,BREAD/BAKERY,0,71.597
2804,2017-05-12,3,BREAD/BAKERY,0,63.001
2805,2017-05-13,3,BREAD/BAKERY,0,66.056
2806,2017-05-14,3,BREAD/BAKERY,0,67.204
2807,2017-05-15,3,BREAD/BAKERY,11,230.518
2808,2017-05-16,3,BREAD/BAKERY,0,83.615
2809,2017-05-17,3,BREAD/BAKERY,0,46.685
2810,2017-05-18,3,BREAD/BAKERY,0,71.31
2811,2017-05-19,3,BREAD/BAKERY,10,110.594
2812,2017-05-20,3,BREAD/BAKERY,1,76.496
2813,2017-05-21,3,BREAD/BAKERY,0,67.623
2814,2017-05-22,3,BREAD/BAKERY,0,72.49
2815,2017-05-23,3,BREAD/BAKERY,0,104.055
2816,2017-05-24,3,BREAD/BAKERY,0,123.076
2817,2017-05-25,3,BREAD/BAKERY,0,74.937
2818,2017-05-26,3,BREAD/BAKERY,0,60.823
2819,2017-05-27,3,BREAD/BAKERY,0,55.889
2820,2017-05-28,3,BREAD/BAKERY,10,130.486
2821,2017-05-29,3,BREAD/BAKERY,0,80.506
2822,2017-05-30,3,BREAD/BAKERY,11,115.253
2823,2017-05-31,3,BREAD/BAKERY,0,70.716
2824,2017-06-01,3,BREAD/BAKERY,0,75.571
2825,2017-06-02,3,BREAD/BAKERY,0,70.911
2826,2017-06-03,3,BREAD/BAKERY,2,93.335
2827,2017-06-04,3,BREAD/BAKERY,4,122.05
2828,2017-06-05,3,BREAD/BAKERY,0,77.568
2829,2017-06-06,3,BREAD/BAKERY,0,78.217
2830,2017-06-07,3,BREAD/BAKERY,0,75.898
2831,2017-06-08,3,BREAD/BAKERY,0,67.027
2832,2017-06-09,3,BREAD/BAKERY,0,61.285
2833,2017-06-10,3,BREAD/BAKERY,0,63.609
2834,2017-06-11,3,BREAD/BAKERY,0,68.707
2835,2017-06-12,3,BREAD/BAKERY,0,68.836
2836,2017-06-13,3,BREAD/BAKERY,0,84.131
2837,2017-06-14,3,BREAD/BAKERY,0,63.341
2838,2017-06-15,3,BREAD/BAKERY,0,57.709
2839,2017-06-16,3,BREAD/BAKERY,0,90.765
2840,2017-06-17,3,BREAD/BAKERY,0,79.127
2841,2017-06-18,3,BREAD/BAKERY,0,73.945
2842,2017-06-19,3,BREAD/BAKERY,0,71.195
2843,2017-06-20,3,BREAD/BAKERY,0,71.918
2844,2017-06-21,3,BREAD/BAKERY,0,79.768
2845,2017-06-22,3,BREAD/BAKERY,0,64.79
2846,2017-06-23,3,BREAD/BAKERY,0,73.415
2847,2017-06-24,3,BREAD/BAKERY,0,67.586
2848,2017-06-25,3,BREAD/BAKERY,0,61.7
2849,2017-06-26,3,BREAD/BAKERY,0,74.892
2850,2017-06-27,3,BREAD/BAKERY,0,88.674
2851,2017-06-28,3,BREAD/BAKERY,0,79.947
2852,2017-06-29,3,BREAD/BAKERY,0,79.317
2853,2017-06-30,3,BREAD/BAKERY,0,71.372
2854,2017-07-01,3,BREAD/BAKERY,0,59.304
2855,2017-07-02,3,BREAD/BAKERY,0,84.965
2856,2017-07-03,3,BREAD/BAKERY,0,93.666
2857,2017-07-04,3,BREAD/BAKERY,0,89.626
2858,2017-07-05,3,BREAD/BAKERY,0,72.708
2859,2017-07-06,3,BREAD/BAKERY,0,87.312
2860,2017-07-07,3,BREAD/BAKERY,0,107.37
2861,2017-07-08,3,BREAD/BAKERY,10,125.257
2862,2017-07-09,3,BREAD/BAKERY,0,75.327
2863,2017-07-10,3,BREAD/BAKERY,0,81.265
2864,2017-07-11,3,BREAD/BAKERY,0,82.422
2865,2017-07-12,3,BREAD/BAKERY,0,75.452
2866,2017-07-13,3,BREAD/BAKERY,0,54.594
2867,2017-07-14,3,BREAD/BAKERY,0,63.037
2868,2017-07-15,3,BREAD/BAKERY,0,73.609
2869,2017-07-16,3,BREAD/BAKERY,0,87.196
2870,2017-07-17,3,BREAD/BAKERY,0,72.494
2871,2017-07-18,3,BREAD/BAKERY,2,118.451
2872,2017-07-19,3,BREAD/BAKERY,0,62.689
2873,2017-07-20,3,BREAD/BAKERY,0,57.512
2874,2017-07-21,3,BREAD/BAKERY,0,72.593
2875,2017-07-22,3,BREAD/BAKERY,0,59.512
2876,2017-07-23,3,BREAD/BAKERY,0,69.597
2877,2017-07-24,3,BREAD/BAKERY,0,95.276
2878,2017-07-25,3,BREAD/BAKERY,0,110.184
2879,2017-07-26,3,BREAD/BAKERY,8,157.224
2880,2017-07-27,3,BREAD/BAKERY,0,59.604
2881,2017-07-28,3,BREAD/BAKERY,0,76.566
2882,2017-07-29,3,BREAD/BAKERY,0,65.135
2883,2017-07-30,3,BREAD/BAKERY,0,114.205
2884,2017-07-31,3,BREAD/BAKERY,0,121.866
2885,2017-08-01,3,BREAD/BAKERY,0,67.714
2886,2017-08-02,3,BREAD/BAKERY,0,76.936
2887,2017-08-03,3,BREAD/BAKERY,7,73.266
2888,2017-08-04,3,BREAD/BAKERY,0,80.017
2889,2017-08-05,3,BREAD/BAKERY,0,78.103
2890,2017-08-06,3,BREAD/BAKERY,0,86.688
2891,2017-08-07,3,BREAD/BAKERY,0,106.074
2892,2017-08-08,3,BREAD/BAKERY,0,79.96
2893,2017-08-09,3,BREAD/BAKERY,0,82.664
2894,2017-08-10,3,BREAD/BAKERY,0,112.869
2895,2017-08-11,3,BREAD/BAKERY,0,56.237
2896,2017-08-12,3,BREAD/BAKERY,0,56.435
2897,2017-08-13,3,BREAD/BAKERY,0,75.657
2898,2017-08-14,3,BREAD/BAKERY,0,83.872
2899,2017-08-15,3,BREAD/BAKERY,0,124.851
2916,2017-01-01,44,GROCERY I,0,726.911
2917,2017-01-02,44,GROCERY I,0,911.889
2918,2017-01-03,44,GROCERY I,0,1119.807
2919,2017-01-04,44,GROCERY I,0,893.481
2920,2017-01-05,44,GROCERY I,0,704.478
2921,2017-01-06,44,GROCERY I,0,521.156
2922,2017-01-07,44,GROCERY I,0,607.255
2923,2017-01-08,44,GROCERY I,0,751.318
2924,2017-01-09,44,GROCERY I,0,736.151
2925,2017-01-10,44,GROCERY I,0,812.809
2926,2017-01-11,44,GROCERY I,0,588.471
2927,2017-01-12,44,GROCERY I,0,781.608
2928,2017-01-13,44,GROCERY I,0,913.854
2929,2017-01-14,44,GROCERY I,0,778.529
2930,2017-01-15,44,GROCERY I,0,1206.994
2931,2017-01-16,44,GROCERY I,0,752.709
2932,2017-01-17,44,GROCERY I,0,867.073
2933,2017-01-18,44,GROCERY I,0,653.266
2934,2017-01-19,44,GROCERY I,0,521.497
2935,2017-01-20,44,GROCERY I,0,574.629
2936,2017-01-21,44,GROCERY I,0,564.655
2937,2017-01-22,44,GROCERY I,0,648.921
2938,2017-01-23,44,GROCERY I,0,809.921
2939,2017-01-24,44,GROCERY I,0,702.604
2940,2017-01-25,44,GROCERY I,0,645.506
2941,2017-01-26,44,GROCERY I,0,823.654
2942,2017-01-27,44,GROCERY I,0,595.723
2943,2017-01-28,44,GROCERY I,0,951.656
2944,2017-01-29,44,GROCERY I,0,848.906
2945,2017-01-30,44,GROCERY I,0,737.424
2946,2017-01-31,44,GROCERY I,3,1189.956
2947,2017-02-01,44,GROCERY I,0,797.973
2948,2017-02-02,44,GROCERY I,0,656.161
2949,2017-02-03,44,GROCERY I,0,717.066
2950,2017-02-04,44,GROCERY I,0,577.472
2951,2017-02-05,44,GROCERY I,0,997.383
2952,2017-02-06,44,GROCERY I,2,1005.299
2953,2017-02-07,44,GROCERY I,5,994.601
2954,2017-02-08,44,GROCERY I,0,813.675
2955,2017-02-09,44,GROCERY I,0,687.534
2956,2017-02-10,44,GROCERY I,4,847.634
2957,2017-02-11,44,GROCERY I,0,766.425
2958,2017-02-12,44,GROCERY I,0,804.026
2959,2017-02-13,44,GROCERY I,0,871.072
2960,2017-02-14,44,GROCERY I,0,847.335
2961,2017-02-15,44,GROCERY I,0,1161.092
2962,2017-02-16,44,GROCERY I,0,798.812
2963,2017-02-17,44,GROCERY I,9,1244.188
2964,2017-02-18,44,GROCERY I,0,847.284
2965,2017-02-19,44,GROCERY I,0,640.026
2966,2017-02-20,44,GROCERY I,10,1612.038
2967,2017-02-21,44,GROCERY I,0,810.054
2968,2017-02-22,44,GROCERY I,0,896.394
2969,2017-02-23,44,GROCERY I,0,591.115
2970,2017-02-24,44,GROCERY I,0,724.605
2971,2017-02-25,44,GROCERY I,0,916.268
2972,2017-02-26,44,GROCERY I,0,853.564
2973,2017-02-27,44,GROCERY I,0,1067.942
2974,2017-02-28,44,GROCERY I,10,1624.15
2975,2017-03-01,44,GROCERY I,0,706.438
2976,2017-03-02,44,GROCERY I,0,550.969
2977,2017-03-03,44,GROCERY I,0,516.352
2978,2017-03-04,44,GROCERY I,0,692.268
2979,2017-03-05,44,GROCERY I,0,782.319
2980,2017-03-06,44,GROCERY I,0,746.167
2981,2017-03-07,44,GROCERY I,0,917.832
2982,2017-03-08,44,GROCERY I,0,865.333
2983,2017-03-09,44,GROCERY I,0,690.418
2984,2017-03-10,44,GROCERY I,0,601.536
2985,2017-03-11,44,GROCERY I,0,662.442
2986,2017-03-12,44,GROCERY I,0,665.63
2987,2017-03-13,44,GROCERY I,0,672.049
2988,2017-03-14,44,GROCERY I,0,1129.544
2989,2017-03-15,44,GROCERY I,2,1042.728
2990,2017-03-16,44,GROCERY I,0,535.661
2991,2017-03-17,44,GROCERY I,0,815.996
2992,2017-03-18,44,GROCERY I,0,622.006
2993,2017-03-19,44,GROCERY I,0,907.187
2994,2017-03-20,44,GROCERY I,0,715.065
2995,2017-03-21,44,GROCERY I,0,878.826
2996,2017-03-22,44,GROCERY I,0,626.285
2997,2017-03-23,44,GROCERY I,0,460.982
2998,2017-03-24,44,GROCERY I,0,969.004
2999,2017-03-25,44,GROCERY I,0,595.962
3000,2017-03-26,44,GROCERY I,0,697.598
3001,2017-03-27,44,GROCERY I,0,830.429
3002,2017-03-28,44,GROCERY I,0,887.564
3003,2017-03-29,44,GROCERY I,0,853.449
3004,2017-03-30,44,GROCERY I,7,1417.902
3005,2017-03-31,44,GROCERY I,0,911.604
3006,2017-04-01,44,GROCERY I,0,694.679
3007,2017-04-02,44,GROCERY I,0,537.776
3008,2017-04-03,44,GROCERY I,0,722.657
3009,2017-04-04,44,GROCERY I,0,893.723
3010,2017-04-05,44,GROCERY I,5,1194.129
3011,2017-04-06,44,GROCERY I,10,1195.261
3012,2017-04-07,44,GROCERY I,0,540.547
3013,2017-04-08,44,GROCERY I,0,644.844
3014,2017-04-09,44,GROCERY I,3,772.38
3015,2017-04-10,44,GROCERY I,0,763.672
3016,2017-04-11,44,GROCERY I,0,864.472
3017,2017-04-12,44,GROCERY I,0,812.646
3018,2017-04-13,44,GROCERY I,0,525.17
3019,2017-04-14,44,GROCERY I,8,1397.582
3020,2017-04-15,44,GROCERY I,0,697.633
3021,2017-04-16,44,GROCERY I,0,861.089
3022,2017-04-17,44,GROCERY I,0,806.064
3023,2017-04-18,44,GROCERY I,0,908.576
3024,2017-04-19,44,GROCERY I,0,820.416
3025,2017-04-20,44,GROCERY I,0,701.609
3026,2017-04-21,44,GROCERY I,0,681.06
3027,2017-04-22,44,GROCERY I,1,926.801
3028,2017-04-23,44,GROCERY I,0,674.45
3029,2017-04-24,44,GROCERY I,5,1232.011
3030,2017-04-25,44,GROCERY I,0,689.534
3031,2017-04-26,44,GROCERY I,0,774.328
3032,2017-04-27,44,GROCERY I,0,921.981
3033,2017-04-28,44,GROCERY I,0,756.577
3034,2017-04-29,44,GROCERY I,0,788.016
3035,2017-04-30,44,GROCERY I,0,1274.64
3036,2017-05-01,44,GROCERY I,0,898.989
3037,2017-05-02,44,GROCERY I,0,800.788
3038,2017-05-03,44,GROCERY I,0,710.533
3039,2017-05-04,44,GROCERY I,11,1427.748
3040,2017-05-05,44,GROCERY I,0,522.917
3041,2017-05-06,44,GROCERY I,0,786.158
3042,2017-05-07,44,GROCERY I,0,620.14
3043,2017-05-08,44,GROCERY I,0,920.783
3044,2017-05-09,44,GROCERY I,0,888.284
3045,2017-05-10,44,GROCERY I,0,816.397
3046,2017-05-11,44,GROCERY I,0,1023.565
3047,2017-05-12,44,GROCERY I,0,669.527
3048,2017-05-13,44,GROCERY I,0,715.822
3049,2017-05-14,44,GROCERY I,0,777.042
3050,2017-05-15,44,GROCERY I,0,906.539
3051,2017-05-16,44,GROCERY I,0,607.048
3052,2017-05-17,44,GROCERY I,0,854.449
3053,2017-05-18,44,GROCERY I,4,868.199
3054,2017-05-19,44,GROCERY I,0,956.027
3055,2017-05-20,44,GROCERY I,0,799.04
3056,2017-05-21,44,GROCERY I,0,668.21
3057,2017-05-22,44,GROCERY I,0,679.539
3058,2017-05-23,44,GROCERY I,0,646.248
3059,2017-05-24,44,GROCERY I,9,1661.283
3060,2017-05-25,44,GROCERY I,0,668.718
3061,2017-05-26,44,GROCERY I,1,849.784
3062,2017-05-27,44,GROCERY I,0,691.635
3063,2017-05-28,44,GROCERY I,0,823.03
3064,2017-05-29,44,GROCERY I,0,831.243
3065,2017-05-30,44,GROCERY I,0,1113.069
3066,2017-05-31,44,GROCERY I,0,1425.061
3067,2017-06-01,44,GROCERY I,0,783.086
3068,2017-06-02,44,GROCERY I,0,701.576
3069,2017-06-03,44,GROCERY I,0,703.823
3070,2017-06-04,44,GROCERY I,0,1102.56
3071,2017-06-05,44,GROCERY I,0,879.14
3072,2017-06-06,44,GROCERY I,0,803.35
3073,2017-06-07,44,GROCERY I,0,1028.303
3074,2017-06-08,44,GROCERY I,0,1049.199
3075,2017-06-09,44,GROCERY I,0,924.66
3076,2017-06-10,44,GROCERY I,0,654.243
3077,2017-06-11,44,GROCERY I,0,977.143
3078,2017-06-12,44,GROCERY I,9,1687.962
3079,2017-06-13,44,GROCERY I,0,770.372
3080,2017-06-14,44,GROCERY I,0,725.629
3081,2017-06-15,44,GROCERY I,11,1243.022
3082,2017-06-16,44,GROCERY I,0,669.73
3083,2017-06-17,44,GROCERY I,0,607.645
3084,2017-06-18,44,GROCERY I,0,537.032
3085,2017-06-19,44,GROCERY I,0,595.207
3086,2017-06-20,44,GROCERY I,0,846.741
3087,2017-06-21,44,GROCERY I,0,1063.364
3088,2017-06-22,44,GROCERY I,0,592.956
3089,2017-06-23,44,GROCERY I,0,652.49
3090,2017-06-24,44,GROCERY I,0,607.736
3091,2017-06-25,44,GROCERY I,0,510.998
3092,2017-06-26,44,GROCERY I,0,844.155
3093,2017-06-27,44,GROCERY I,0,820.75
3094,2017-06-28,44,GROCERY I,0,867.138
3095,2017-06-29,44,GROCERY I,0,673.139
3096,2017-06-30,44,GROCERY I,1,754.849
3097,2017-07-01,44,GROCERY I,0,852.02
3098,2017-07-02,44,GROCERY I,0,601.355
3099,2017-07-03,44,GROCERY I,0,701.489
3100,2017-07-04,44,GROCERY I,0,769.339
3101,2017-07-05,44,GROCERY I,0,800.457
3102,2017-07-06,44,GROCERY I,0,375.357
3103,2017-07-07,44,GROCERY I,0,668.092
3104,2017-07-08,44,GROCERY I,0,668.261
3105,2017-07-09,44,GROCERY I,0,627.63
3106,2017-07-10,44,GROCERY I,0,672.494
3107,2017-07-11,44,GROCERY I,0,1083.301
3108,2017-07-12,44,GROCERY I,0,687.597
3109,2017-07-13,44,GROCERY I,0,630.016
3110,2017-07-14,44,GROCERY I,0,750.162
3111,2017-07-15,44,GROCERY I,0,701.93
3112,2017-07-16,44,GROCERY I,0,688.936
3113,2017-07-17,44,GROCERY I,0,910.612
3114,2017-07-18,44,GROCERY I,0,930.568
3115,2017-07-19,44,GROCERY I,0,749.631
3116,2017-07-20,44,GROCERY I,0,712.334
3117,2017-07-21,44,GROCERY I,0,536.981
3118,2017-07-22,44,GROCERY I,0,521.783
3119,2017-07-23,44,GROCERY I,10,1558.112
3120,2017-07-24,44,GROCERY I,10,1549.81
3121,2017-07-25,44,GROCERY I,0,938.74
3122,2017-07-26,44,GROCERY I,0,753.467
3123,2017-07-27,44,GROCERY I,1,710.674
3124,2017-07-28,44,GROCERY I,0,675.726
3125,2017-07-29,44,GROCERY I,0,846.681
3126,2017-07-30,44,GROCERY I,0,458.14
3127,2017-07-31,44,GROCERY I,1,817.321
3128,2017-08-01,44,GROCERY I,0,954.261
3129,2017-08-02,44,GROCERY I,0,783.089
3130,2017-08-03,44,GROCERY I,0,559.641
3131,2017-08-04,44,GROCERY I,0,622.738
3132,2017-08-05,44,GROCERY I,0,655.128
3133,2017-08-06,44,GROCERY I,0,705.969
3134,2017-08-07,44,GROCERY I,0,1026.819
3135,2017-08-08,44,GROCERY I,0,1045.383
3136,2017-08-09,44,GROCERY I,0,632.38
3137,2017-08-10,44,GROCERY I,0,1143.589
3138,2017-08-11,44,GROCERY I,0,640.557
3139,2017-08-12,44,GROCERY I,0,634.282
3140,2017-08-13,44,GROCERY I,0,690.436
3141,2017-08-14,44,GROCERY I,0,846.073
3142,2017-08-15,44,GROCERY I,0,1142.677
3159,2017-01-01,44,BEVERAGES,0,681.565
3160,2017-01-02,44,BEVERAGES,0,563.597
3161,2017-01-03,44,BEVERAGES,0,458.431
3162,2017-01-04,44,BEVERAGES,0,505.26
3163,2017-01-05,44,BEVERAGES,0,404.958
3164,2017-01-06,44,BEVERAGES,0,553.109
3165,2017-01-07,44,BEVERAGES,0,394.381
3166,2017-01-08,44,BEVERAGES,0,623.615
3167,2017-01-09,44,BEVERAGES,0,590.019
3168,2017-01-10,44,BEVERAGES,0,561.194
3169,2017-01-11,44,BEVERAGES,0,286.879
3170,2017-01-12,44,BEVERAGES,0,595.868
3171,2017-01-13,44,BEVERAGES,0,364.115
3172,2017-01-14,44,BEVERAGES,0,678.76
3173,2017-01-15,44,BEVERAGES,0,689.401
3174,2017-01-16,44,BEVERAGES,9,1195.718
3175,2017-01-17,44,BEVERAGES,0,563.043
3176,2017-01-18,44,BEVERAGES,8,887.488
3177,2017-01-19,44,BEVERAGES,0,416.358
3178,2017-01-20,44,BEVERAGES,0,406.647
3179,2017-01-21,44,BEVERAGES,0,549.966
3180,2017-01-22,44,BEVERAGES,0,783.156
3181,2017-01-23,44,BEVERAGES,0,615.102
3182,2017-01-24,44,BEVERAGES,0,510.421
3183,2017-01-25,44,BEVERAGES,0,452.953
3184,2017-01-26,44,BEVERAGES,4,631.438
3185,2017-01-27,44,BEVERAGES,0,457.035
3186,2017-01-28,44,BEVERAGES,0,535.627
3187,2017-01-29,44,BEVERAGES,0,404.839
3188,2017-01-30,44,BEVERAGES,10,985.116
3189,2017-01-31,44,BEVERAGES,0,778.367
3190,2017-02-01,44,BEVERAGES,0,478.576
3191,2017-02-02,44,BEVERAGES,0,338.302
3192,2017-02-03,44,BEVERAGES,0,386.184
3193,2017-02-04,44,BEVERAGES,0,596.505
3194,2017-02-05,44,BEVERAGES,0,542.782
3195,2017-02-06,44,BEVERAGES,0,599.738
3196,2017-02-07,44,BEVERAGES,0,563.679
3197,2017-02-08,44,BEVERAGES,0,425.071
3198,2017-02-09,44,BEVERAGES,0,360.74
3199,2017-02-10,44,BEVERAGES,0,430.621
3200,2017-02-11,44,BEVERAGES,0,560.976
3201,2017-02-12,44,BEVERAGES,0,453.982
3202,2017-02-13,44,BEVERAGES,0,718.854
3203,2017-02-14,44,BEVERAGES,0,472.195
3204,2017-02-15,44,BEVERAGES,0,705.202
3205,2017-02-16,44,BEVERAGES,6,724.71
3206,2017-02-17,44,BEVERAGES,1,526.848
3207,2017-02-18,44,BEVERAGES,0,474.721
3208,2017-02-19,44,BEVERAGES,0,550.833
3209,2017-02-20,44,BEVERAGES,0,741.972
3210,2017-02-21,44,BEVERAGES,0,503.881
3211,2017-02-22,44,BEVERAGES,0,641.19
3212,2017-02-23,44,BEVERAGES,0,504.909
3213,2017-02-24,44,BEVERAGES,0,528.938
3214,2017-02-25,44,BEVERAGES,0,606.01
3215,2017-02-26,44,BEVERAGES,0,546.985
3216,2017-02-27,44,BEVERAGES,0,552.083
3217,2017-02-28,44,BEVERAGES,0,666.005
3218,2017-03-01,44,BEVERAGES,0,559.3
3219,2017-03-02,44,BEVERAGES,0,405.391
3220,2017-03-03,44,BEVERAGES,0,352.248
3221,2017-03-04,44,BEVERAGES,0,566.35
3222,2017-03-05,44,BEVERAGES,0,618.272
3223,2017-03-06,44,BEVERAGES,0,537.733
3224,2017-03-07,44,BEVERAGES,1,625.45
3225,2017-03-08,44,BEVERAGES,0,494.221
3226,2017-03-09,44,BEVERAGES,0,443.421
3227,2017-03-10,44,BEVERAGES,0,441.334
3228,2017-03-11,44,BEVERAGES,0,399.985
3229,2017-03-12,44,BEVERAGES,0,525.904
3230,2017-03-13,44,BEVERAGES,0,416.043
3231,2017-03-14,44,BEVERAGES,0,661.195
3232,2017-03-15,44,BEVERAGES,0,534.981
3233,2017-03-16,44,BEVERAGES,0,590.634
3234,2017-03-17,44,BEVERAGES,0,311.628
3235,2017-03-18,44,BEVERAGES,0,478.947
3236,2017-03-19,44,BEVERAGES,0,662.525
3237,2017-03-20,44,BEVERAGES,0,652.891
3238,2017-03-21,44,BEVERAGES,0,357.484
3239,2017-03-22,44,BEVERAGES,0,452.322
3240,2017-03-23,44,BEVERAGES,0,473.568
3241,2017-03-24,44,BEVERAGES,0,351.947
3242,2017-03-25,44,BEVERAGES,0,486.054
3243,2017-03-26,44,BEVERAGES,6,880.991
3244,2017-03-27,44,BEVERAGES,7,686.285
3245,2017-03-28,44,BEVERAGES,0,420.234
3246,2017-03-29,44,BEVERAGES,0,472.233
3247,2017-03-30,44,BEVERAGES,0,308.808
3248,2017-03-31,44,BEVERAGES,0,559.029
3249,2017-04-01,44,BEVERAGES,0,535.914
3250,2017-04-02,44,BEVERAGES,0,495.891
3251,2017-04-03,44,BEVERAGES,0,467.183
3252,2017-04-04,44,BEVERAGES,0,318.029
3253,2017-04-05,44,BEVERAGES,5,845.499
3254,2017-04-06,44,BEVERAGES,0,330.05
3255,2017-04-07,44,BEVERAGES,0,602.773
3256,2017-04-08,44,BEVERAGES,0,422.175
3257,2017-04-09,44,BEVERAGES,2,526.604
3258,2017-04-10,44,BEVERAGES,0,609.872
3259,2017-04-11,44,BEVERAGES,0,328.683
3260,2017-04-12,44,BEVERAGES,0,388.214
3261,2017-04-13,44,BEVERAGES,4,658.76
3262,2017-04-14,44,BEVERAGES,0,562.483
3263,2017-04-15,44,BEVERAGES,0,534.929
3264,2017-04-16,44,BEVERAGES,0,576.889
3265,2017-04-17,44,BEVERAGES,7,943.709
3266,2017-04-18,44,BEVERAGES,0,570.026
3267,2017-04-19,44,BEVERAGES,0,501.695
3268,2017-04-20,44,BEVERAGES,0,446.406
3269,2017-04-21,44,BEVERAGES,0,601.769
3270,2017-04-22,44,BEVERAGES,0,709.169
3271,2017-04-23,44,BEVERAGES,0,714.047
3272,2017-04-24,44,BEVERAGES,0,618.434
3273,2017-04-25,44,BEVERAGES,0,421.369
3274,2017-04-26,44,BEVERAGES,0,451.812
3275,2017-04-27,44,BEVERAGES,0,823.23
3276,2017-04-28,44,BEVERAGES,9,633.836
3277,2017-04-29,44,BEVERAGES,0,435.913
3278,2017-04-30,44,BEVERAGES,0,595.468
3279,2017-05-01,44,BEVERAGES,0,636.588
3280,2017-05-02,44,BEVERAGES,0,608.942
3281,2017-05-03,44,BEVERAGES,0,504.688
3282,2017-05-04,44,BEVERAGES,0,523.231
3283,2017-05-05,44,BEVERAGES,0,611.037
3284,2017-05-06,44,BEVERAGES,0,598.756
3285,2017-05-07,44,BEVERAGES,0,609.634
3286,2017-05-08,44,BEVERAGES,0,517.342
3287,2017-05-09,44,BEVERAGES,7,736.538
3288,2017-05-10,44,BEVERAGES,0,409.128
3289,2017-05-11,44,BEVERAGES,0,421.496
3290,2017-05-12,44,BEVERAGES,9,851.593
3291,2017-05-13,44,BEVERAGES,11,872.91
3292,2017-05-14,44,BEVERAGES,0,449.007
3293,2017-05-15,44,BEVERAGES,3,975.921
3294,2017-05-16,44,BEVERAGES,0,405.497
3295,2017-05-17,44,BEVERAGES,0,567.051
3296,2017-05-18,44,BEVERAGES,0,576.347
3297,2017-05-19,44,BEVERAGES,0,405.865
3298,2017-05-20,44,BEVERAGES,0,556.894
3299,2017-05-21,44,BEVERAGES,4,575.846
3300,2017-05-22,44,BEVERAGES,0,616.576
3301,2017-05-23,44,BEVERAGES,0,565.152
3302,2017-05-24,44,BEVERAGES,0,519.062
3303,2017-05-25,44,BEVERAGES,0,249.54
3304,2017-05-26,44,BEVERAGES,0,499.912
3305,2017-05-27,44,BEVERAGES,0,459.526
3306,2017-05-28,44,BEVERAGES,0,600.621
3307,2017-05-29,44,BEVERAGES,7,866.897
3308,2017-05-30,44,BEVERAGES,0,527.317
3309,2017-05-31,44,BEVERAGES,0,499.089
3310,2017-06-01,44,BEVERAGES,0,429.541
3311,2017-06-02,44,BEVERAGES,0,456.794
3312,2017-06-03,44,BEVERAGES,0,567.036
3313,2017-06-04,44,BEVERAGES,0,404.118
3314,2017-06-05,44,BEVERAGES,0,622.288
3315,2017-06-06,44,BEVERAGES,0,437.608
3316,2017-06-07,44,BEVERAGES,0,475.352
3317,2017-06-08,44,BEVERAGES,0,364.998
3318,2017-06-09,44,BEVERAGES,0,482.502
3319,2017-06-10,44,BEVERAGES,0,698.513
3320,2017-06-11,44,BEVERAGES,0,488.908
3321,2017-06-12,44,BEVERAGES,0,697.949
3322,2017-06-13,44,BEVERAGES,0,564.297
3323,2017-06-14,44,BEVERAGES,0,436.795
3324,2017-06-15,44,BEVERAGES,0,425.277
3325,2017-06-16,44,BEVERAGES,0,482.737
3326,2017-06-17,44,BEVERAGES,0,538.479
3327,2017-06-18,44,BEVERAGES,0,691.353
3328,2017-06-19,44,BEVERAGES,0,414.034
3329,2017-06-20,44,BEVERAGES,0,626.398
3330,2017-06-21,44,BEVERAGES,0,398.076
3331,2017-06-22,44,BEVERAGES,0,396.479
3332,2017-06-23,44,BEVERAGES,0,421.955
3333,2017-06-24,44,BEVERAGES,0,408.5
3334,2017-06-25,44,BEVERAGES,0,528.905
3335,2017-06-26,44,BEVERAGES,0,750.942
3336,2017-06-27,44,BEVERAGES,0,426.985
3337,2017-06-28,44,BEVERAGES,0,489.325
3338,2017-06-29,44,BEVERAGES,0,613.631
3339,2017-06-30,44,BEVERAGES,6,758.856
3340,2017-07-01,44,BEVERAGES,0,286.948
3341,2017-07-02,44,BEVERAGES,0,553.376
3342,2017-07-03,44,BEVERAGES,0,694.022
3343,2017-07-04,44,BEVERAGES,0,755.955
3344,2017-07-05,44,BEVERAGES,0,479.997
3345,2017-07-06,44,BEVERAGES,0,412.025
3346,2017-07-07,44,BEVERAGES,0,394.338
3347,2017-07-08,44,BEVERAGES,0,449.424
3348,2017-07-09,44,BEVERAGES,0,453.639
3349,2017-07-10,44,BEVERAGES,0,604.248
3350,2017-07-11,44,BEVERAGES,0,348.372
3351,2017-07-12,44,BEVERAGES,0,467.765
3352,2017-07-13,44,BEVERAGES,0,430.553
3353,2017-07-14,44,BEVERAGES,0,407.037
3354,2017-07-15,44,BEVERAGES,0,688.79
3355,2017-07-16,44,BEVERAGES,0,511.131
3356,2017-07-17,44,BEVERAGES,0,706.027
3357,2017-07-18,44,BEVERAGES,0,645.955
3358,2017-07-19,44,BEVERAGES,0,527.427
3359,2017-07-20,44,BEVERAGES,0,353.479
3360,2017-07-21,44,BEVERAGES,9,598.865
3361,2017-07-22,44,BEVERAGES,0,572.359
3362,2017-07-23,44,BEVERAGES,0,432.79
3363,2017-07-24,44,BEVERAGES,0,423.817
3364,2017-07-25,44,BEVERAGES,0,422.822
3365,2017-07-26,44,BEVERAGES,0,461.066
3366,2017-07-27,44,BEVERAGES,0,479.454
3367,2017-07-28,44,BEVERAGES,0,567.645
3368,2017-07-29,44,BEVERAGES,0,381.038
3369,2017-07-30,44,BEVERAGES,0,444.007
3370,2017-07-31,44,BEVERAGES,9,809.894
3371,2017-08-01,44,BEVERAGES,0,533.737
3372,2017-08-02,44,BEVERAGES,0,536.142
3373,2017-08-03,44,BEVERAGES,0,392.004
3374,2017-08-04,44,BEVERAGES,0,346.706
3375,2017-08-05,44,BEVERAGES,0,549.827
3376,2017-08-06,44,BEVERAGES,0,472.813
3377,2017-08-07,44,BEVERAGES,0,547.653
3378,2017-08-08,44,BEVERAGES,0,512.485
3379,2017-08-09,44,BEVERAGES,0,470.771
3380,2017-08-10,44,BEVERAGES,9,920.752
3381,2017-08-11,44,BEVERAGES,0,471.677
3382,2017-08-12,44,BEVERAGES,6,731.725
3383,2017-08-13,44,BEVERAGES,0,576.923
3384,2017-08-14,44,BEVERAGES,0,626.774
3385,2017-08-15,44,BEVERAGES,0,902.766
3402,2017-01-01,44,PRODUCE,0,333.868
3403,2017-01-02,44,PRODUCE,0,196.324
3404,2017-01-03,44,PRODUCE,0,224.693
3405,2017-01-04,44,PRODUCE,0,310.611
3406,2017-01-05,44,PRODUCE,0,311.75
3407,2017-01-06,44,PRODUCE,0,345.19
3408,2017-01-07,44,PRODUCE,0,451.184
3409,2017-01-08,44,PRODUCE,0,233.239
3410,2017-01-09,44,PRODUCE,0,275.051
3411,2017-01-10,44,PRODUCE,0,298.565
3412,2017-01-11,44,PRODUCE,0,239.889
3413,2017-01-12,44,PRODUCE,0,298.146
3414,2017-01-13,44,PRODUCE,0,243.606
3415,2017-01-14,44,PRODUCE,0,270.417
3416,2017-01-15,44,PRODUCE,0,282.265
3417,2017-01-16,44,PRODUCE,0,261.021
3418,2017-01-17,44,PRODUCE,0,230.728
3419,2017-01-18,44,PRODUCE,0,213.962
3420,2017-01-19,44,PRODUCE,0,227.537
3421,2017-01-20,44,PRODUCE,0,244.012
3422,2017-01-21,44,PRODUCE,0,284.207
3423,2017-01-22,44,PRODUCE,0,417.734
3424,2017-01-23,44,PRODUCE,0,252.169
3425,2017-01-24,44,PRODUCE,0,307.483
3426,2017-01-25,44,PRODUCE,0,234.213
3427,2017-01-26,44,PRODUCE,0,289.686
3428,2017-01-27,44,PRODUCE,10,831.83
3429,2017-01-28,44,PRODUCE,0,315.347
3430,2017-01-29,44,PRODUCE,0,247.214
3431,2017-01-30,44,PRODUCE,0,243.03
3432,2017-01-31,44,PRODUCE,0,247.068
3433,2017-02-01,44,PRODUCE,0,236.067
3434,2017-02-02,44,PRODUCE,0,360.811
3435,2017-02-03,44,PRODUCE,0,315.651
3436,2017-02-04,44,PRODUCE,0,250.92
3437,2017-02-05,44,PRODUCE,0,318.35
3438,2017-02-06,44,PRODUCE,0,225.699
3439,2017-02-07,44,PRODUCE,0,275.975
3440,2017-02-08,44,PRODUCE,0,340.399
3441,2017-02-09,44,PRODUCE,0,340.525
3442,2017-02-10,44,PRODUCE,0,301.808
3443,2017-02-11,44,PRODUCE,0,339.685
3444,2017-02-12,44,PRODUCE,0,395.796
3445,2017-02-13,44,PRODUCE,0,364.543
3446,2017-02-14,44,PRODUCE,0,221.863
3447,2017-02-15,44,PRODUCE,0,354.65
3448,2017-02-16,44,PRODUCE,0,370.111
3449,2017-02-17,44,PRODUCE,0,306.226
3450,2017-02-18,44,PRODUCE,0,501.986
3451,2017-02-19,44,PRODUCE,0,275.889
3452,2017-02-20,44,PRODUCE,0,268.047
3453,2017-02-21,44,PRODUCE,0,279.462
3454,2017-02-22,44,PRODUCE,0,290.525
3455,2017-02-23,44,PRODUCE,0,344.077
3456,2017-02-24,44,PRODUCE,8,537.532
3457,2017-02-25,44,PRODUCE,6,529.585
3458,2017-02-26,44,PRODUCE,1,378.967
3459,2017-02-27,44,PRODUCE,0,236.603
3460,2017-02-28,44,PRODUCE,0,409.325
3461,2017-03-01,44,PRODUCE,0,321.523
3462,2017-03-02,44,PRODUCE,0,299.997
3463,2017-03-03,44,PRODUCE,0,339.908
3464,2017-03-04,44,PRODUCE,8,491.389
3465,2017-03-05,44,PRODUCE,0,173.876
3466,2017-03-06,44,PRODUCE,0,266.597
3467,2017-03-07,44,PRODUCE,0,229.045
3468,2017-03-08,44,PRODUCE,0,304.934
3469,2017-03-09,44,PRODUCE,0,357.971
3470,2017-03-10,44,PRODUCE,0,333.051
3471,2017-03-11,44,PRODUCE,0,329.355
3472,2017-03-12,44,PRODUCE,0,201.197
3473,2017-03-13,44,PRODUCE,5,489.781
3474,2017-03-14,44,PRODUCE,0,387.949
3475,2017-03-15,44,PRODUCE,0,274.715
3476,2017-03-16,44,PRODUCE,0,269.272
3477,2017-03-17,44,PRODUCE,0,383.725
3478,2017-03-18,44,PRODUCE,0,272.592
3479,2017-03-19,44,PRODUCE,0,322.301
3480,2017-03-20,44,PRODUCE,5,337.108
3481,2017-03-21,44,PRODUCE,0,282.421
3482,2017-03-22,44,PRODUCE,0,252.231
3483,2017-03-23,44,PRODUCE,0,308.532
3484,2017-03-24,44,PRODUCE,0,321.684
3485,2017-03-25,44,PRODUCE,0,301.506
3486,2017-03-26,44,PRODUCE,0,324.421
3487,2017-03-27,44,PRODUCE,2,358.606
3488,2017-03-28,44,PRODUCE,0,233.192
3489,2017-03-29,44,PRODUCE,1,331.329
3490,2017-03-30,44,PRODUCE,6,417.979
3491,2017-03-31,44,PRODUCE,0,308.908
3492,2017-04-01,44,PRODUCE,0,240.903
3493,2017-04-02,44,PRODUCE,0,294.679
3494,2017-04-03,44,PRODUCE,0,264.5
3495,2017-04-04,44,PRODUCE,5,315.656
3496,2017-04-05,44,PRODUCE,0,270.367
3497,2017-04-06,44,PRODUCE,0,297.3
3498,2017-04-07,44,PRODUCE,0,295.19
3499,2017-04-08,44,PRODUCE,0,313.445
3500,2017-04-09,44,PRODUCE,10,531.082
3501,2017-04-10,44,PRODUCE,0,298.68
3502,2017-04-11,44,PRODUCE,0,336.99
3503,2017-04-12,44,PRODUCE,8,351.033
3504,2017-04-13,44,PRODUCE,0,400.311
3505,2017-04-14,44,PRODUCE,0,592.962
3506,2017-04-15,44,PRODUCE,0,285.537
3507,2017-04-16,44,PRODUCE,0,261.962
3508,2017-04-17,44,PRODUCE,0,285.05
3509,2017-04-18,44,PRODUCE,0,300.594
3510,2017-04-19,44,PRODUCE,0,337.479
3511,2017-04-20,44,PRODUCE,2,399.341
3512,2017-04-21,44,PRODUCE,0,321.532
3513,2017-04-22,44,PRODUCE,0,315.662
3514,2017-04-23,44,PRODUCE,5,331.602
3515,2017-04-24,44,PRODUCE,0,262.382
3516,2017-04-25,44,PRODUCE,0,229.694
3517,2017-04-26,44,PRODUCE,2,345.29
3518,2017-04-27,44,PRODUCE,0,230.237
3519,2017-04-28,44,PRODUCE,0,381.608
3520,2017-04-29,44,PRODUCE,0,422.543
3521,2017-04-30,44,PRODUCE,0,383.327
3522,2017-05-01,44,PRODUCE,0,223.615
3523,2017-05-02,44,PRODUCE,0,295.948
3524,2017-05-03,44,PRODUCE,0,269.878
3525,2017-05-04,44,PRODUCE,7,448.042
3526,2017-05-05,44,PRODUCE,0,337.441
3527,2017-05-06,44,PRODUCE,0,374.962
3528,2017-05-07,44,PRODUCE,0,236.145
3529,2017-05-08,44,PRODUCE,0,261.648
3530,2017-05-09,44,PRODUCE,0,229.903
3531,2017-05-10,44,PRODUCE,0,309.829
3532,2017-05-11,44,PRODUCE,0,292.805
3533,2017-05-12,44,PRODUCE,0,322.745
3534,2017-05-13,44,PRODUCE,0,232.291
3535,2017-05-14,44,PRODUCE,0,200.295
3536,2017-05-15,44,PRODUCE,0,337.11
3537,2017-05-16,44,PRODUCE,0,284.041
3538,2017-05-17,44,PRODUCE,2,338.708
3539,2017-05-18,44,PRODUCE,11,673.939
3540,2017-05-19,44,PRODUCE,0,292.082
3541,2017-05-20,44,PRODUCE,0,351.431
3542,2017-05-21,44,PRODUCE,0,303.287
3543,2017-05-22,44,PRODUCE,0,252.274
3544,2017-05-23,44,PRODUCE,0,187.633
3545,2017-05-24,44,PRODUCE,0,282.899
3546,2017-05-25,44,PRODUCE,0,350.982
3547,2017-05-26,44,PRODUCE,0,316.097
3548,2017-05-27,44,PRODUCE,0,402.293
3549,2017-05-28,44,PRODUCE,0,200.101
3550,2017-05-29,44,PRODUCE,0,190.798
3551,2017-05-30,44,PRODUCE,0,317.017
3552,2017-05-31,44,PRODUCE,0,271.145
3553,2017-06-01,44,PRODUCE,0,242.306
3554,2017-06-02,44,PRODUCE,7,383.431
3555,2017-06-03,44,PRODUCE,0,288.902
3556,2017-06-04,44,PRODUCE,0,401.102
3557,2017-06-05,44,PRODUCE,0,210.933
3558,2017-06-06,44,PRODUCE,0,298.797
3559,2017-06-07,44,PRODUCE,0,235.21
3560,2017-06-08,44,PRODUCE,0,287.918
3561,2017-06-09,44,PRODUCE,0,366.048
3562,2017-06-10,44,PRODUCE,0,428.861
3563,2017-06-11,44,PRODUCE,0,395.602
3564,2017-06-12,44,PRODUCE,0,315.297
3565,2017-06-13,44,PRODUCE,0,245.269
3566,2017-06-14,44,PRODUCE,0,218.22
3567,2017-06-15,44,PRODUCE,0,221.743
3568,2017-06-16,44,PRODUCE,0,393.888
3569,2017-06-17,44,PRODUCE,0,289.994
3570,2017-06-18,44,PRODUCE,0,302.232
3571,2017-06-19,44,PRODUCE,0,292.891
3572,2017-06-20,44,PRODUCE,0,248.517
3573,2017-06-21,44,PRODUCE,8,468.139
3574,2017-06-22,44,PRODUCE,0,310.614
3575,2017-06-23,44,PRODUCE,0,332.98
3576,2017-06-24,44,PRODUCE,0,342.0
3577,2017-06-25,44,PRODUCE,0,208.35
3578,2017-06-26,44,PRODUCE,0,252.692
3579,2017-06-27,44,PRODUCE,0,254.948
3580,2017-06-28,44,PRODUCE,0,271.271
3581,2017-06-29,44,PRODUCE,0,323.526
3582,2017-06-30,44,PRODUCE,0,396.905
3583,2017-07-01,44,PRODUCE,0,294.775
3584,2017-07-02,44,PRODUCE,0,215.171
3585,2017-07-03,44,PRODUCE,0,199.837
3586,2017-07-04,44,PRODUCE,0,280.988
3587,2017-07-05,44,PRODUCE,0,302.937
3588,2017-07-06,44,PRODUCE,7,388.067
3589,2017-07-07,44,PRODUCE,0,253.342
3590,2017-07-08,44,PRODUCE,0,309.217
3591,2017-07-09,44,PRODUCE,0,227.104
3592,2017-07-10,44,PRODUCE,0,244.191
3593,2017-07-11,44,PRODUCE,6,437.719
3594,2017-07-12,44,PRODUCE,0,251.539
3595,2017-07-13,44,PRODUCE,0,268.343
3596,2017-07-14,44,PRODUCE,0,355.382
3597,2017-07-15,44,PRODUCE,0,350.12
3598,2017-07-16,44,PRODUCE,0,255.287
3599,2017-07-17,44,PRODUCE,0,331.859
3600,2017-07-18,44,PRODUCE,0,253.269
3601,2017-07-19,44,PRODUCE,0,256.79
3602,2017-07-20,44,PRODUCE,0,330.038
3603,2017-07-21,44,PRODUCE,0,238.615
3604,2017-07-22,44,PRODUCE,0,328.267
3605,2017-07-23,44,PRODUCE,0,205.951
3606,2017-07-24,44,PRODUCE,0,293.665
3607,2017-07-25,44,PRODUCE,0,177.961
3608,2017-07-26,44,PRODUCE,0,218.865
3609,2017-07-27,44,PRODUCE,0,314.588
3610,2017-07-28,44,PRODUCE,0,372.85
3611,2017-07-29,44,PRODUCE,0,261.806
3612,2017-07-30,44,PRODUCE,0,379.595
3613,2017-07-31,44,PRODUCE,0,316.841
3614,2017-08-01,44,PRODUCE,0,276.624
3615,2017-08-02,44,PRODUCE,0,245.183
3616,2017-08-03,44,PRODUCE,6,390.279
3617,2017-08-04,44,PRODUCE,0,338.17
3618,2017-08-05,44,PRODUCE,0,352.368
3619,2017-08-06,44,PRODUCE,0,282.853
3620,2017-08-07,44,PRODUCE,0,237.2
3621,2017-08-08,44,PRODUCE,0,265.735
3622,2017-08-09,44,PRODUCE,0,267.091
3623,2017-08-10,44,PRODUCE,9,667.691
3624,2017-08-11,44,PRODUCE,0,307.516
3625,2017-08-12,44,PRODUCE,0,278.567
3626,2017-08-13,44,PRODUCE,1,337.823
3627,2017-08-14,44,PRODUCE,0,194.703
3628,2017-08-15,44,PRODUCE,0,533.328
3645,2017-01-01,44,CLEANING,4,291.913
3646,2017-01-02,44,CLEANING,5,227.045
3647,2017-01-03,44,CLEANING,0,163.331
3648,2017-01-04,44,CLEANING,0,171.9
3649,2017-01-05,44,CLEANING,0,183.749
3650,2017-01-06,44,CLEANING,0,163.459
3651,2017-01-07,44,CLEANING,0,175.995
3652,2017-01-08,44,CLEANING,0,148.259
3653,2017-01-09,44,CLEANING,0,205.3
3654,2017-01-10,44,CLEANING,0,176.532
3655,2017-01-11,44,CLEANING,0,164.565
3656,2017-01-12,44,CLEANING,0,193.565
3657,2017-01-13,44,CLEANING,0,120.608
3658,2017-01-14,44,CLEANING,0,160.923
3659,2017-01-15,44,CLEANING,0,205.014
3660,2017-01-16,44,CLEANING,0,159.409
3661,2017-01-17,44,CLEANING,0,174.78
3662,2017-01-18,44,CLEANING,0,165.584
3663,2017-01-19,44,CLEANING,5,275.628
3664,2017-01-20,44,CLEANING,0,192.825
3665,2017-01-21,44,CLEANING,4,229.672
3666,2017-01-22,44,CLEANING,7,240.861
3667,2017-01-23,44,CLEANING,0,170.467
3668,2017-01-24,44,CLEANING,0,143.46
3669,2017-01-25,44,CLEANING,0,153.771
3670,2017-01-26,44,CLEANING,0,189.275
3671,2017-01-27,44,CLEANING,0,159.28
3672,2017-01-28,44,CLEANING,0,197.689
3673,2017-01-29,44,CLEANING,0,199.127
3674,2017-01-30,44,CLEANING,0,143.994
3675,2017-01-31,44,CLEANING,0,142.738
3676,2017-02-01,44,CLEANING,0,145.052
3677,2017-02-02,44,CLEANING,0,199.457
3678,2017-02-03,44,CLEANING,10,283.406
3679,2017-02-04,44,CLEANING,0,217.756
3680,2017-02-05,44,CLEANING,0,196.301
3681,2017-02-06,44,CLEANING,0,159.177
3682,2017-02-07,44,CLEANING,0,178.1
3683,2017-02-08,44,CLEANING,0,122.829
3684,2017-02-09,44,CLEANING,0,162.24
3685,2017-02-10,44,CLEANING,0,184.104
3686,2017-02-11,44,CLEANING,0,194.3
3687,2017-02-12,44,CLEANING,0,202.362
3688,2017-02-13,44,CLEANING,0,169.349
3689,2017-02-14,44,CLEANING,0,170.121
3690,2017-02-15,44,CLEANING,0,120.717
3691,2017-02-16,44,CLEANING,0,96.206
3692,2017-02-17,44,CLEANING,0,180.179
3693,2017-02-18,44,CLEANING,0,136.254
3694,2017-02-19,44,CLEANING,0,183.036
3695,2017-02-20,44,CLEANING,0,120.053
3696,2017-02-21,44,CLEANING,0,108.362
3697,2017-02-22,44,CLEANING,0,113.327
3698,2017-02-23,44,CLEANING,0,138.086
3699,2017-02-24,44,CLEANING,0,170.277
3700,2017-02-25,44,CLEANING,0,311.675
3701,2017-02-26,44,CLEANING,0,151.931
3702,2017-02-27,44,CLEANING,0,157.156
3703,2017-02-28,44,CLEANING,9,210.498
3704,2017-03-01,44,CLEANING,0,133.166
3705,2017-03-02,44,CLEANING,0,228.877
3706,2017-03-03,44,CLEANING,0,147.373
3707,2017-03-04,44,CLEANING,0,158.398
3708,2017-03-05,44,CLEANING,0,267.978
3709,2017-03-06,44,CLEANING,0,137.358
3710,2017-03-07,44,CLEANING,0,139.168
3711,2017-03-08,44,CLEANING,0,164.719
3712,2017-03-09,44,CLEANING,9,233.762
3713,2017-03-10,44,CLEANING,0,209.598
3714,2017-03-11,44,CLEANING,0,177.485
3715,2017-03-12,44,CLEANING,3,180.392
3716,2017-03-13,44,CLEANING,0,137.465
3717,2017-03-14,44,CLEANING,0,151.9
3718,2017-03-15,44,CLEANING,6,284.424
3719,2017-03-16,44,CLEANING,8,228.97
3720,2017-03-17,44,CLEANING,0,162.047
3721,2017-03-18,44,CLEANING,0,186.158
3722,2017-03-19,44,CLEANING,0,214.786
3723,2017-03-20,44,CLEANING,0,189.145
3724,2017-03-21,44,CLEANING,0,186.903
3725,2017-03-22,44,CLEANING,0,139.714
3726,2017-03-23,44,CLEANING,0,132.851
3727,2017-03-24,44,CLEANING,0,122.707
3728,2017-03-25,44,CLEANING,0,164.758
3729,2017-03-26,44,CLEANING,0,164.212
3730,2017-03-27,44,CLEANING,0,154.862
3731,2017-03-28,44,CLEANING,0,147.077
3732,2017-03-29,44,CLEANING,0,173.278
3733,2017-03-30,44,CLEANING,11,273.883
3734,2017-03-31,44,CLEANING,0,149.888
3735,2017-04-01,44,CLEANING,0,176.864
3736,2017-04-02,44,CLEANING,0,144.46
3737,2017-04-03,44,CLEANING,0,193.229
3738,2017-04-04,44,CLEANING,0,148.42
3739,2017-04-05,44,CLEANING,0,231.705
3740,2017-04-06,44,CLEANING,0,105.171
3741,2017-04-07,44,CLEANING,0,184.608
3742,2017-04-08,44,CLEANING,0,178.387
3743,2017-04-09,44,CLEANING,0,145.48
3744,2017-04-10,44,CLEANING,0,106.691
3745,2017-04-11,44,CLEANING,1,138.972
3746,2017-04-12,44,CLEANING,0,139.034
3747,2017-04-13,44,CLEANING,0,121.193
3748,2017-04-14,44,CLEANING,0,232.97
3749,2017-04-15,44,CLEANING,0,191.636
3750,2017-04-16,44,CLEANING,0,194.194
3751,2017-04-17,44,CLEANING,11,441.828
3752,2017-04-18,44,CLEANING,0,147.313
3753,2017-04-19,44,CLEANING,0,154.235
3754,2017-04-20,44,CLEANING,0,112.621
3755,2017-04-21,44,CLEANING,0,215.336
3756,2017-04-22,44,CLEANING,0,216.18
3757,2017-04-23,44,CLEANING,0,154.38
3758,2017-04-24,44,CLEANING,0,181.23
3759,2017-04-25,44,CLEANING,0,136.788
3760,2017-04-26,44,CLEANING,0,141.315
3761,2017-04-27,44,CLEANING,7,154.571
3762,2017-04-28,44,CLEANING,0,131.154
3763,2017-04-29,44,CLEANING,0,158.126
3764,2017-04-30,44,CLEANING,0,248.699
3765,2017-05-01,44,CLEANING,0,229.36
3766,2017-05-02,44,CLEANING,0,171.756
3767,2017-05-03,44,CLEANING,0,110.854
3768,2017-05-04,44,CLEANING,0,116.892
3769,2017-05-05,44,CLEANING,9,275.102
3770,2017-05-06,44,CLEANING,0,161.469
3771,2017-05-07,44,CLEANING,0,163.433
3772,2017-05-08,44,CLEANING,0,201.939
3773,2017-05-09,44,CLEANING,0,190.324
3774,2017-05-10,44,CLEANING,0,84.306
3775,2017-05-11,44,CLEANING,0,142.153
3776,2017-05-12,44,CLEANING,0,155.8
3777,2017-05-13,44,CLEANING,11,348.577
3778,2017-05-14,44,CLEANING,0,169.079
3779,2017-05-15,44,CLEANING,0,211.431
3780,2017-05-16,44,CLEANING,0,141.827
3781,2017-05-17,44,CLEANING,0,158.437
3782,2017-05-18,44,CLEANING,0,130.756
3783,2017-05-19,44,CLEANING,0,189.131
3784,2017-05-20,44,CLEANING,0,161.787
3785,2017-05-21,44,CLEANING,0,206.248
3786,2017-05-22,44,CLEANING,0,127.77
3787,2017-05-23,44,CLEANING,3,179.065
3788,2017-05-24,44,CLEANING,0,227.114
3789,2017-05-25,44,CLEANING,0,129.925
3790,2017-05-26,44,CLEANING,0,189.388
3791,2017-05-27,44,CLEANING,0,179.01
3792,2017-05-28,44,CLEANING,0,220.357
3793,2017-05-29,44,CLEANING,0,133.087
3794,2017-05-30,44,CLEANING,0,129.772
3795,2017-05-31,44,CLEANING,0,192.146
3796,2017-06-01,44,CLEANING,0,175.781
3797,2017-06-02,44,CLEANING,0,151.427
3798,2017-06-03,44,CLEANING,0,177.496
3799,2017-06-04,44,CLEANING,0,208.204
3800,2017-06-05,44,CLEANING,0,127.977
3801,2017-06-06,44,CLEANING,0,131.065
3802,2017-06-07,44,CLEANING,3,243.239
3803,2017-06-08,44,CLEANING,0,131.099
3804,2017-06-09,44,CLEANING,0,152.426
3805,2017-06-10,44,CLEANING,3,214.559
3806,2017-06-11,44,CLEANING,0,215.082
3807,2017-06-12,44,CLEANING,9,201.485
3808,2017-06-13,44,CLEANING,0,152.615
3809,2017-06-14,44,CLEANING,0,193.067
3810,2017-06-15,44,CLEANING,0,233.59
3811,2017-06-16,44,CLEANING,0,180.421
3812,2017-06-17,44,CLEANING,0,161.409
3813,2017-06-18,44,CLEANING,0,200.331
3814,2017-06-19,44,CLEANING,0,194.108
3815,2017-06-20,44,CLEANING,0,112.125
3816,2017-06-21,44,CLEANING,4,264.935
3817,2017-06-22,44,CLEANING,0,133.901
3818,2017-06-23,44,CLEANING,0,172.846
3819,2017-06-24,44,CLEANING,7,331.099
3820,2017-06-25,44,CLEANING,0,157.577
3821,2017-06-26,44,CLEANING,0,150.368
3822,2017-06-27,44,CLEANING,0,150.516
3823,2017-06-28,44,CLEANING,0,107.507
3824,2017-06-29,44,CLEANING,0,116.591
3825,2017-06-30,44,CLEANING,0,182.04
3826,2017-07-01,44,CLEANING,0,216.827
3827,2017-07-02,44,CLEANING,0,162.326
3828,2017-07-03,44,CLEANING,0,204.221
3829,2017-07-04,44,CLEANING,0,110.513
3830,2017-07-05,44,CLEANING,0,93.635
3831,2017-07-06,44,CLEANING,0,168.327
3832,2017-07-07,44,CLEANING,2,234.328
3833,2017-07-08,44,CLEANING,0,149.983
3834,2017-07-09,44,CLEANING,0,199.891
3835,2017-07-10,44,CLEANING,0,198.837
3836,2017-07-11,44,CLEANING,0,131.75
3837,2017-07-12,44,CLEANING,0,126.397
3838,2017-07-13,44,CLEANING,0,127.201
3839,2017-07-14,44,CLEANING,0,187.7
3840,2017-07-15,44,CLEANING,0,165.742
3841,2017-07-16,44,CLEANING,0,185.374
3842,2017-07-17,44,CLEANING,8,260.394
3843,2017-07-18,44,CLEANING,3,209.728
3844,2017-07-19,44,CLEANING,0,123.139
3845,2017-07-20,44,CLEANING,0,144.962
3846,2017-07-21,44,CLEANING,0,198.291
3847,2017-07-22,44,CLEANING,0,217.072
3848,2017-07-23,44,CLEANING,0,163.181
3849,2017-07-24,44,CLEANING,0,179.147
3850,2017-07-25,44,CLEANING,0,168.556
3851,2017-07-26,44,CLEANING,0,140.105
3852,2017-07-27,44,CLEANING,0,166.047
3853,2017-07-28,44,CLEANING,0,177.476
3854,2017-07-29,44,CLEANING,10,255.561
3855,2017-07-30,44,CLEANING,0,162.165
3856,2017-07-31,44,CLEANING,0,201.841
3857,2017-08-01,44,CLEANING,0,129.009
3858,2017-08-02,44,CLEANING,0,145.583
3859,2017-08-03,44,CLEANING,0,193.977
3860,2017-08-04,44,CLEANING,0,169.244
3861,2017-08-05,44,CLEANING,0,174.237
3862,2017-08-06,44,CLEANING,6,249.535
3863,2017-08-07,44,CLEANING,0,240.92
3864,2017-08-08,44,CLEANING,0,142.037
3865,2017-08-09,44,CLEANING,0,135.668
3866,2017-08-10,44,CLEANING,0,203.223
3867,2017-08-11,44,CLEANING,0,210.952
3868,2017-08-12,44,CLEANING,0,196.921
3869,2017-08-13,44,CLEANING,0,154.349
3870,2017-08-14,44,CLEANING,0,166.828
3871,2017-08-15,44,CLEANING,0,181.227
3888,2017-01-01,44,DAIRY,0,231.225
3889,2017-01-02,44,DAIRY,0,255.138
3890,2017-01-03,44,DAIRY,7,211.647
3891,2017-01-04,44,DAIRY,0,214.127
3892,2017-01-05,44,DAIRY,0,276.658
3893,2017-01-06,44,DAIRY,0,229.31
3894,2017-01-07,44,DAIRY,0,196.555
3895,2017-01-08,44,DAIRY,0,295.808
3896,2017-01-09,44,DAIRY,0,217.123
3897,2017-01-10,44,DAIRY,0,237.188
3898,2017-01-11,44,DAIRY,0,279.879
3899,2017-01-12,44,DAIRY,0,210.665
3900,2017-01-13,44,DAIRY,0,263.982
3901,2017-01-14,44,DAIRY,0,280.522
3902,2017-01-15,44,DAIRY,0,241.469
3903,2017-01-16,44,DAIRY,10,404.185
3904,2017-01-17,44,DAIRY,0,230.011
3905,2017-01-18,44,DAIRY,0,180.122
3906,2017-01-19,44,DAIRY,0,240.868
3907,2017-01-20,44,DAIRY,0,311.097
3908,2017-01-21,44,DAIRY,0,251.591
3909,2017-01-22,44,DAIRY,0,172.045
3910,2017-01-23,44,DAIRY,0,233.032
3911,2017-01-24,44,DAIRY,3,204.542
3912,2017-01-25,44,DAIRY,0,232.687
3913,2017-01-26,44,DAIRY,0,239.67
3914,2017-01-27,44,DAIRY,0,200.547
3915,2017-01-28,44,DAIRY,0,305.367
3916,2017-01-29,44,DAIRY,0,284.216
3917,2017-01-30,44,DAIRY,0,163.647
3918,2017-01-31,44,DAIRY,0,240.136
3919,2017-02-01,44,DAIRY,10,331.515
3920,2017-02-02,44,DAIRY,0,315.874
3921,2017-02-03,44,DAIRY,0,327.231
3922,2017-02-04,44,DAIRY,0,270.231
3923,2017-02-05,44,DAIRY,9,428.259
3924,2017-02-06,44,DAIRY,0,157.332
3925,2017-02-07,44,DAIRY,0,239.717
3926,2017-02-08,44,DAIRY,0,256.463
3927,2017-02-09,44,DAIRY,0,269.943
3928,2017-02-10,44,DAIRY,0,275.708
3929,2017-02-11,44,DAIRY,0,203.612
3930,2017-02-12,44,DAIRY,0,211.555
3931,2017-02-13,44,DAIRY,7,287.908
3932,2017-02-14,44,DAIRY,0,251.776
3933,2017-02-15,44,DAIRY,0,235.406
3934,2017-02-16,44,DAIRY,0,234.405
3935,2017-02-17,44,DAIRY,0,265.89
3936,2017-02-18,44,DAIRY,0,253.257
3937,2017-02-19,44,DAIRY,0,336.144
3938,2017-02-20,44,DAIRY,0,193.059
3939,2017-02-21,44,DAIRY,0,158.825
3940,2017-02-22,44,DAIRY,0,198.05
3941,2017-02-23,44,DAIRY,0,219.595
3942,2017-02-24,44,DAIRY,0,259.817
3943,2017-02-25,44,DAIRY,0,282.366
3944,2017-02-26,44,DAIRY,0,327.406
3945,2017-02-27,44,DAIRY,0,232.717
3946,2017-02-28,44,DAIRY,0,293.396
3947,2017-03-01,44,DAIRY,0,150.345
3948,2017-03-02,44,DAIRY,0,242.256
3949,2017-03-03,44,DAIRY,0,237.636
3950,2017-03-04,44,DAIRY,0,285.194
3951,2017-03-05,44,DAIRY,0,258.371
3952,2017-03-06,44,DAIRY,0,227.526
3953,2017-03-07,44,DAIRY,0,254.104
3954,2017-03-08,44,DAIRY,0,190.829
3955,2017-03-09,44,DAIRY,0,253.689
3956,2017-03-10,44,DAIRY,0,213.064
3957,2017-03-11,44,DAIRY,8,240.038
3958,2017-03-12,44,DAIRY,0,324.872
3959,2017-03-13,44,DAIRY,0,218.568
3960,2017-03-14,44,DAIRY,0,166.38
3961,2017-03-15,44,DAIRY,0,247.892
3962,2017-03-16,44,DAIRY,0,230.757
3963,2017-03-17,44,DAIRY,0,214.446
3964,2017-03-18,44,DAIRY,0,288.436
3965,2017-03-19,44,DAIRY,0,167.873
3966,2017-03-20,44,DAIRY,0,286.856
3967,2017-03-21,44,DAIRY,0,233.338
3968,2017-03-22,44,DAIRY,0,223.878
3969,2017-03-23,44,DAIRY,0,250.336
3970,2017-03-24,44,DAIRY,0,288.492
3971,2017-03-25,44,DAIRY,0,273.283
3972,2017-03-26,44,DAIRY,0,250.33
3973,2017-03-27,44,DAIRY,0,240.815
3974,2017-03-28,44,DAIRY,0,212.582
3975,2017-03-29,44,DAIRY,0,202.177
3976,2017-03-30,44,DAIRY,0,236.257
3977,2017-03-31,44,DAIRY,0,331.444
3978,2017-04-01,44,DAIRY,0,308.471
3979,2017-04-02,44,DAIRY,0,218.757
3980,2017-04-03,44,DAIRY,0,216.221
3981,2017-04-04,44,DAIRY,0,151.54
3982,2017-04-05,44,DAIRY,0,308.781
3983,2017-04-06,44,DAIRY,0,228.91
3984,2017-04-07,44,DAIRY,0,319.857
3985,2017-04-08,44,DAIRY,0,232.202
3986,2017-04-09,44,DAIRY,1,233.151
3987,2017-04-10,44,DAIRY,0,203.068
3988,2017-04-11,44,DAIRY,0,212.242
3989,2017-04-12,44,DAIRY,0,199.78
3990,2017-04-13,44,DAIRY,0,359.129
3991,2017-04-14,44,DAIRY,0,287.927
3992,2017-04-15,44,DAIRY,0,277.076
3993,2017-04-16,44,DAIRY,0,336.792
3994,2017-04-17,44,DAIRY,0,233.642
3995,2017-04-18,44,DAIRY,0,249.751
3996,2017-04-19,44,DAIRY,0,198.676
3997,2017-04-20,44,DAIRY,0,201.558
3998,2017-04-21,44,DAIRY,0,168.561
3999,2017-04-22,44,DAIRY,0,234.199
4000,2017-04-23,44,DAIRY,0,206.983
4001,2017-04-24,44,DAIRY,0,203.951
4002,2017-04-25,44,DAIRY,0,181.319
4003,2017-04-26,44,DAIRY,0,169.127
4004,2017-04-27,44,DAIRY,0,308.864
4005,2017-04-28,44,DAIRY,0,401.988
4006,2017-04-29,44,DAIRY,0,203.073
4007,2017-04-30,44,DAIRY,0,278.597
4008,2017-05-01,44,DAIRY,0,225.3
4009,2017-05-02,44,DAIRY,0,214.166
4010,2017-05-03,44,DAIRY,0,273.552
4011,2017-05-04,44,DAIRY,7,313.196
4012,2017-05-05,44,DAIRY,0,294.504
4013,2017-05-06,44,DAIRY,4,308.199
4014,2017-05-07,44,DAIRY,0,273.416
4015,2017-05-08,44,DAIRY,0,199.419
4016,2017-05-09,44,DAIRY,0,223.081
4017,2017-05-10,44,DAIRY,0,202.873
4018,2017-05-11,44,DAIRY,0,207.83
4019,2017-05-12,44,DAIRY,4,330.384
4020,2017-05-13,44,DAIRY,0,227.156
4021,2017-05-14,44,DAIRY,2,254.634
4022,2017-05-15,44,DAIRY,0,367.895
4023,2017-05-16,44,DAIRY,0,251.32
4024,2017-05-17,44,DAIRY,10,398.402
4025,2017-05-18,44,DAIRY,0,236.355
4026,2017-05-19,44,DAIRY,0,261.114
4027,2017-05-20,44,DAIRY,0,221.23
4028,2017-05-21,44,DAIRY,0,228.215
4029,2017-05-22,44,DAIRY,0,198.912
4030,2017-05-23,44,DAIRY,4,301.771
4031,2017-05-24,44,DAIRY,0,230.936
4032,2017-05-25,44,DAIRY,0,208.975
4033,2017-05-26,44,DAIRY,0,297.954
4034,2017-05-27,44,DAIRY,0,214.879
4035,2017-05-28,44,DAIRY,0,263.419
4036,2017-05-29,44,DAIRY,0,214.204
4037,2017-05-30,44,DAIRY,0,264.705
4038,2017-05-31,44,DAIRY,0,222.514
4039,2017-06-01,44,DAIRY,0,248.931
4040,2017-06-02,44,DAIRY,0,238.242
4041,2017-06-03,44,DAIRY,0,366.675
4042,2017-06-04,44,DAIRY,0,225.441
4043,2017-06-05,44,DAIRY,0,164.917
4044,2017-06-06,44,DAIRY,0,204.129
4045,2017-06-07,44,DAIRY,0,223.788
4046,2017-06-08,44,DAIRY,0,302.887
4047,2017-06-09,44,DAIRY,9,400.162
4048,2017-06-10,44,DAIRY,4,341.789
4049,2017-06-11,44,DAIRY,0,238.052
4050,2017-06-12,44,DAIRY,0,166.435
4051,2017-06-13,44,DAIRY,0,274.599
4052,2017-06-14,44,DAIRY,0,184.191
4053,2017-06-15,44,DAIRY,0,403.469
4054,2017-06-16,44,DAIRY,4,414.886
4055,2017-06-17,44,DAIRY,0,345.94
4056,2017-06-18,44,DAIRY,0,237.351
4057,2017-06-19,44,DAIRY,0,213.819
4058,2017-06-20,44,DAIRY,0,205.909
4059,2017-06-21,44,DAIRY,0,185.652
4060,2017-06-22,44,DAIRY,0,343.569
4061,2017-06-23,44,DAIRY,0,274.683
4062,2017-06-24,44,DAIRY,0,352.251
4063,2017-06-25,44,DAIRY,0,255.574
4064,2017-06-26,44,DAIRY,9,491.836
4065,2017-06-27,44,DAIRY,0,197.906
4066,2017-06-28,44,DAIRY,0,197.085
4067,2017-06-29,44,DAIRY,0,276.683
4068,2017-06-30,44,DAIRY,0,278.64
4069,2017-07-01,44,DAIRY,7,344.004
4070,2017-07-02,44,DAIRY,0,280.43
4071,2017-07-03,44,DAIRY,0,191.745
4072,2017-07-04,44,DAIRY,0,207.523
4073,2017-07-05,44,DAIRY,0,270.794
4074,2017-07-06,44,DAIRY,3,305.484
4075,2017-07-07,44,DAIRY,7,576.034
4076,2017-07-08,44,DAIRY,0,331.589
4077,2017-07-09,44,DAIRY,0,303.062
4078,2017-07-10,44,DAIRY,0,236.236
4079,2017-07-11,44,DAIRY,0,330.465
4080,2017-07-12,44,DAIRY,0,221.525
4081,2017-07-13,44,DAIRY,0,239.944
4082,2017-07-14,44,DAIRY,0,276.202
4083,2017-07-15,44,DAIRY,0,310.724
4084,2017-07-16,44,DAIRY,0,234.908
4085,2017-07-17,44,DAIRY,3,322.142
4086,2017-07-18,44,DAIRY,0,186.531
4087,2017-07-19,44,DAIRY,0,270.361
4088,2017-07-20,44,DAIRY,0,251.016
4089,2017-07-21,44,DAIRY,0,200.967
4090,2017-07-22,44,DAIRY,0,253.75
4091,2017-07-23,44,DAIRY,0,248.303
4092,2017-07-24,44,DAIRY,0,193.841
4093,2017-07-25,44,DAIRY,0,301.383
4094,2017-07-26,44,DAIRY,0,205.796
4095,2017-07-27,44,DAIRY,0,323.646
4096,2017-07-28,44,DAIRY,2,468.31
4097,2017-07-29,44,DAIRY,0,272.984
4098,2017-07-30,44,DAIRY,0,268.931
4099,2017-07-31,44,DAIRY,0,197.783
4100,2017-08-01,44,DAIRY,0,183.683
4101,2017-08-02,44,DAIRY,0,275.117
4102,2017-08-03,44,DAIRY,7,357.639
4103,2017-08-04,44,DAIRY,0,196.702
4104,2017-08-05,44,DAIRY,0,267.145
4105,2017-08-06,44,DAIRY,0,327.374
4106,2017-08-07,44,DAIRY,0,207.129
4107,2017-08-08,44,DAIRY,0,207.066
4108,2017-08-09,44,DAIRY,0,247.045
4109,2017-08-10,44,DAIRY,0,367.236
4110,2017-08-11,44,DAIRY,0,259.61
4111,2017-08-12,44,DAIRY,0,219.916
4112,2017-08-13,44,DAIRY,2,299.465
4113,2017-08-14,44,DAIRY,0,194.298
4114,2017-08-15,44,DAIRY,0,336.536
4131,2017-01-01,44,BREAD/BAKERY,0,140.626
4132,2017-01-02,44,BREAD/BAKERY,0,132.764
4133,2017-01-03,44,BREAD/BAKERY,10,264.547
4134,2017-01-04,44,BREAD/BAKERY,0,159.618
4135,2017-01-05,44,BREAD/BAKERY,0,125.237
4136,2017-01-06,44,BREAD/BAKERY,0,97.003
4137,2017-01-07,44,BREAD/BAKERY,0,129.042
4138,2017-01-08,44,BREAD/BAKERY,0,120.483
4139,2017-01-09,44,BREAD/BAKERY,4,194.32
4140,2017-01-10,44,BREAD/BAKERY,5,193.156
4141,2017-01-11,44,BREAD/BAKERY,0,118.48
4142,2017-01-12,44,BREAD/BAKERY,0,68.494
4143,2017-01-13,44,BREAD/BAKERY,11,169.609
4144,2017-01-14,44,BREAD/BAKERY,0,104.144
4145,2017-01-15,44,BREAD/BAKERY,1,143.551
4146,2017-01-16,44,BREAD/BAKERY,0,128.575
4147,2017-01-17,44,BREAD/BAKERY,0,171.099
4148,2017-01-18,44,BREAD/BAKERY,0,106.541
4149,2017-01-19,44,BREAD/BAKERY,0,124.781
4150,2017-01-20,44,BREAD/BAKERY,0,127.356
4151,2017-01-21,44,BREAD/BAKERY,1,131.321
4152,2017-01-22,44,BREAD/BAKERY,0,120.808
4153,2017-01-23,44,BREAD/BAKERY,0,105.251
4154,2017-01-24,44,BREAD/BAKERY,0,118.806
4155,2017-01-25,44,BREAD/BAKERY,0,123.705
4156,2017-01-26,44,BREAD/BAKERY,0,82.879
4157,2017-01-27,44,BREAD/BAKERY,0,117.412
4158,2017-01-28,44,BREAD/BAKERY,9,215.481
4159,2017-01-29,44,BREAD/BAKERY,0,109.63
4160,2017-01-30,44,BREAD/BAKERY,6,194.429
4161,2017-01-31,44,BREAD/BAKERY,0,154.14
4162,2017-02-01,44,BREAD/BAKERY,0,94.467
4163,2017-02-02,44,BREAD/BAKERY,0,111.872
4164,2017-02-03,44,BREAD/BAKERY,0,105.253
4165,2017-02-04,44,BREAD/BAKERY,0,78.137
4166,2017-02-05,44,BREAD/BAKERY,0,129.006
4167,2017-02-06,44,BREAD/BAKERY,0,129.348
4168,2017-02-07,44,BREAD/BAKERY,0,171.972
4169,2017-02-08,44,BREAD/BAKERY,0,140.825
4170,2017-02-09,44,BREAD/BAKERY,0,113.397
4171,2017-02-10,44,BREAD/BAKERY,0,101.326
4172,2017-02-11,44,BREAD/BAKERY,0,141.895
4173,2017-02-12,44,BREAD/BAKERY,0,138.17
4174,2017-02-13,44,BREAD/BAKERY,9,178.445
4175,2017-02-14,44,BREAD/BAKERY,0,161.645
4176,2017-02-15,44,BREAD/BAKERY,0,134.654
4177,2017-02-16,44,BREAD/BAKERY,9,198.723
4178,2017-02-17,44,BREAD/BAKERY,0,128.041
4179,2017-02-18,44,BREAD/BAKERY,0,146.507
4180,2017-02-19,44,BREAD/BAKERY,0,124.618
4181,2017-02-20,44,BREAD/BAKERY,0,134.421
4182,2017-02-21,44,BREAD/BAKERY,11,290.923
4183,2017-02-22,44,BREAD/BAKERY,0,97.802
4184,2017-02-23,44,BREAD/BAKERY,0,95.171
4185,2017-02-24,44,BREAD/BAKERY,0,140.45
4186,2017-02-25,44,BREAD/BAKERY,0,99.886
4187,2017-02-26,44,BREAD/BAKERY,0,156.389
4188,2017-02-27,44,BREAD/BAKERY,0,193.692
4189,2017-02-28,44,BREAD/BAKERY,0,130.102
4190,2017-03-01,44,BREAD/BAKERY,0,118.584
4191,2017-03-02,44,BREAD/BAKERY,0,140.042
4192,2017-03-03,44,BREAD/BAKERY,0,99.029
4193,2017-03-04,44,BREAD/BAKERY,0,90.551
4194,2017-03-05,44,BREAD/BAKERY,0,96.179
4195,2017-03-06,44,BREAD/BAKERY,0,212.725
4196,2017-03-07,44,BREAD/BAKERY,9,250.953
4197,2017-03-08,44,BREAD/BAKERY,0,135.993
4198,2017-03-09,44,BREAD/BAKERY,0,107.712
4199,2017-03-10,44,BREAD/BAKERY,0,98.59
4200,2017-03-11,44,BREAD/BAKERY,0,135.22
4201,2017-03-12,44,BREAD/BAKERY,0,122.71
4202,2017-03-13,44,BREAD/BAKERY,0,172.128
4203,2017-03-14,44,BREAD/BAKERY,0,147.531
4204,2017-03-15,44,BREAD/BAKERY,5,166.354
4205,2017-03-16,44,BREAD/BAKERY,0,126.228
4206,2017-03-17,44,BREAD/BAKERY,0,104.365
4207,2017-03-18,44,BREAD/BAKERY,0,110.902
4208,2017-03-19,44,BREAD/BAKERY,0,107.479
4209,2017-03-20,44,BREAD/BAKERY,0,112.69
4210,2017-03-21,44,BREAD/BAKERY,0,128.004
4211,2017-03-22,44,BREAD/BAKERY,0,91.977
4212,2017-03-23,44,BREAD/BAKERY,0,97.261
4213,2017-03-24,44,BREAD/BAKERY,0,85.09
4214,2017-03-25,44,BREAD/BAKERY,0,113.599
4215,2017-03-26,44,BREAD/BAKERY,0,102.946
4216,2017-03-27,44,BREAD/BAKERY,0,109.505
4217,2017-03-28,44,BREAD/BAKERY,11,247.241
4218,2017-03-29,44,BREAD/BAKERY,0,154.603
4219,2017-03-30,44,BREAD/BAKERY,0,154.62
4220,2017-03-31,44,BREAD/BAKERY,0,155.163
4221,2017-04-01,44,BREAD/BAKERY,0,89.954
4222,2017-04-02,44,BREAD/BAKERY,0,110.349
4223,2017-04-03,44,BREAD/BAKERY,0,128.384
4224,2017-04-04,44,BREAD/BAKERY,0,125.768
4225,2017-04-05,44,BREAD/BAKERY,0,136.568
4226,2017-04-06,44,BREAD/BAKERY,0,108.103
4227,2017-04-07,44,BREAD/BAKERY,0,114.704
4228,2017-04-08,44,BREAD/BAKERY,0,112.854
4229,2017-04-09,44,BREAD/BAKERY,0,138.61
4230,2017-04-10,44,BREAD/BAKERY,6,169.604
4231,2017-04-11,44,BREAD/BAKERY,0,142.455
4232,2017-04-12,44,BREAD/BAKERY,0,118.575
4233,2017-04-13,44,BREAD/BAKERY,0,96.091
4234,2017-04-14,44,BREAD/BAKERY,0,124.098
4235,2017-04-15,44,BREAD/BAKERY,0,177.546
4236,2017-04-16,44,BREAD/BAKERY,0,167.965
4237,2017-04-17,44,BREAD/BAKERY,0,145.509
4238,2017-04-18,44,BREAD/BAKERY,0,159.093
4239,2017-04-19,44,BREAD/BAKERY,0,148.612
4240,2017-04-20,44,BREAD/BAKERY,0,109.639
4241,2017-04-21,44,BREAD/BAKERY,0,110.117
4242,2017-04-22,44,BREAD/BAKERY,9,193.655
4243,2017-04-23,44,BREAD/BAKERY,5,206.0
4244,2017-04-24,44,BREAD/BAKERY,0,116.236
4245,2017-04-25,44,BREAD/BAKERY,7,174.607
4246,2017-04-26,44,BREAD/BAKERY,0,115.074
4247,2017-04-27,44,BREAD/BAKERY,0,106.588
4248,2017-04-28,44,BREAD/BAKERY,0,96.206
4249,2017-04-29,44,BREAD/BAKERY,0,143.361
4250,2017-04-30,44,BREAD/BAKERY,9,328.207
4251,2017-05-01,44,BREAD/BAKERY,0,152.837
4252,2017-05-02,44,BREAD/BAKERY,0,140.744
4253,2017-05-03,44,BREAD/BAKERY,0,95.131
4254,2017-05-04,44,BREAD/BAKERY,0,96.591
4255,2017-05-05,44,BREAD/BAKERY,0,76.797
4256,2017-05-06,44,BREAD/BAKERY,0,105.998
4257,2017-05-07,44,BREAD/BAKERY,0,121.564
4258,2017-05-08,44,BREAD/BAKERY,0,132.922
4259,2017-05-09,44,BREAD/BAKERY,0,147.589
4260,2017-05-10,44,BREAD/BAKERY,0,154.504
4261,2017-05-11,44,BREAD/BAKERY,0,126.219
4262,2017-05-12,44,BREAD/BAKERY,0,86.654
4263,2017-05-13,44,BREAD/BAKERY,0,122.561
4264,2017-05-14,44,BREAD/BAKERY,0,148.742
4265,2017-05-15,44,BREAD/BAKERY,5,232.391
4266,2017-05-16,44,BREAD/BAKERY,0,168.747
4267,2017-05-17,44,BREAD/BAKERY,0,128.402
4268,2017-05-18,44,BREAD/BAKERY,0,119.701
4269,2017-05-19,44,BREAD/BAKERY,0,109.055
4270,2017-05-20,44,BREAD/BAKERY,0,114.403
4271,2017-05-21,44,BREAD/BAKERY,0,146.994
4272,2017-05-22,44,BREAD/BAKERY,0,146.627
4273,2017-05-23,44,BREAD/BAKERY,0,127.679
4274,2017-05-24,44,BREAD/BAKERY,0,172.277
4275,2017-05-25,44,BREAD/BAKERY,0,130.979
4276,2017-05-26,44,BREAD/BAKERY,0,110.792
4277,2017-05-27,44,BREAD/BAKERY,0,132.791
4278,2017-05-28,44,BREAD/BAKERY,0,154.994
4279,2017-05-29,44,BREAD/BAKERY,0,148.453
4280,2017-05-30,44,BREAD/BAKERY,0,150.255
4281,2017-05-31,44,BREAD/BAKERY,0,193.368
4282,2017-06-01,44,BREAD/BAKERY,0,165.719
4283,2017-06-02,44,BREAD/BAKERY,0,91.152
4284,2017-06-03,44,BREAD/BAKERY,0,160.005
4285,2017-06-04,44,BREAD/BAKERY,0,161.733
4286,2017-06-05,44,BREAD/BAKERY,0,147.187
4287,2017-06-06,44,BREAD/BAKERY,0,160.197
4288,2017-06-07,44,BREAD/BAKERY,0,170.505
4289,2017-06-08,44,BREAD/BAKERY,0,111.608
4290,2017-06-09,44,BREAD/BAKERY,0,87.57
4291,2017-06-10,44,BREAD/BAKERY,0,106.222
4292,2017-06-11,44,BREAD/BAKERY,0,160.499
4293,2017-06-12,44,BREAD/BAKERY,0,132.84
4294,2017-06-13,44,BREAD/BAKERY,0,155.485
4295,2017-06-14,44,BREAD/BAKERY,0,133.734
4296,2017-06-15,44,BREAD/BAKERY,0,135.946
4297,2017-06-16,44,BREAD/BAKERY,0,92.927
4298,2017-06-17,44,BREAD/BAKERY,0,119.504
4299,2017-06-18,44,BREAD/BAKERY,0,118.455
4300,2017-06-19,44,BREAD/BAKERY,0,117.678
4301,2017-06-20,44,BREAD/BAKERY,0,104.278
4302,2017-06-21,44,BREAD/BAKERY,0,147.121
4303,2017-06-22,44,BREAD/BAKERY,0,102.383
4304,2017-06-23,44,BREAD/BAKERY,0,126.927
4305,2017-06-24,44,BREAD/BAKERY,0,142.844
4306,2017-06-25,44,BREAD/BAKERY,0,109.5
4307,2017-06-26,44,BREAD/BAKERY,0,113.779
4308,2017-06-27,44,BREAD/BAKERY,3,207.403
4309,2017-06-28,44,BREAD/BAKERY,7,208.316
4310,2017-06-29,44,BREAD/BAKERY,0,104.652
4311,2017-06-30,44,BREAD/BAKERY,9,171.959
4312,2017-07-01,44,BREAD/BAKERY,0,127.828
4313,2017-07-02,44,BREAD/BAKERY,0,101.05
4314,2017-07-03,44,BREAD/BAKERY,0,116.273
4315,2017-07-04,44,BREAD/BAKERY,0,143.01
4316,2017-07-05,44,BREAD/BAKERY,0,121.338
4317,2017-07-06,44,BREAD/BAKERY,0,89.198
4318,2017-07-07,44,BREAD/BAKERY,0,87.533
4319,2017-07-08,44,BREAD/BAKERY,5,195.417
4320,2017-07-09,44,BREAD/BAKERY,0,122.481
4321,2017-07-10,44,BREAD/BAKERY,0,99.132
4322,2017-07-11,44,BREAD/BAKERY,0,108.256
4323,2017-07-12,44,BREAD/BAKERY,0,161.665
4324,2017-07-13,44,BREAD/BAKERY,0,84.783
4325,2017-07-14,44,BREAD/BAKERY,0,113.956
4326,2017-07-15,44,BREAD/BAKERY,0,115.199
4327,2017-07-16,44,BREAD/BAKERY,0,105.515
4328,2017-07-17,44,BREAD/BAKERY,0,111.46
4329,2017-07-18,44,BREAD/BAKERY,0,131.643
4330,2017-07-19,44,BREAD/BAKERY,0,121.773
4331,2017-07-20,44,BREAD/BAKERY,0,103.016
4332,2017-07-21,44,BREAD/BAKERY,0,115.101
4333,2017-07-22,44,BREAD/BAKERY,0,113.717
4334,2017-07-23,44,BREAD/BAKERY,0,105.902
4335,2017-07-24,44,BREAD/BAKERY,0,129.21
4336,2017-07-25,44,BREAD/BAKERY,0,130.127
4337,2017-07-26,44,BREAD/BAKERY,0,124.165
4338,2017-07-27,44,BREAD/BAKERY,0,113.2
4339,2017-07-28,44,BREAD/BAKERY,0,153.759
4340,2017-07-29,44,BREAD/BAKERY,5,154.047
4341,2017-07-30,44,BREAD/BAKERY,0,126.414
4342,2017-07-31,44,BREAD/BAKERY,0,138.155
4343,2017-08-01,44,BREAD/BAKERY,0,145.636
4344,2017-08-02,44,BREAD/BAKERY,0,132.612
4345,2017-08-03,44,BREAD/BAKERY,3,131.866
4346,2017-08-04,44,BREAD/BAKERY,0,155.685
4347,2017-08-05,44,BREAD/BAKERY,0,149.518
4348,2017-08-06,44,BREAD/BAKERY,0,178.173
4349,2017-08-07,44,BREAD/BAKERY,0,120.181
4350,2017-08-08,44,BREAD/BAKERY,0,145.997
4351,2017-08-09,44,BREAD/BAKERY,0,117.788
4352,2017-08-10,44,BREAD/BAKERY,0,173.693
4353,2017-08-11,44,BREAD/BAKERY,0,83.533
4354,2017-08-12,44,BREAD/BAKERY,0,127.528
4355,2017-08-13,44,BREAD/BAKERY,0,125.596
4356,2017-08-14,44,BREAD/BAKERY,0,140.512
4357,2017-08-15,44,BREAD/BAKERY,0,191.981
4374,2017-01-01,50,GROCERY I,0,670.467
4375,2017-01-02,50,GROCERY I,0,432.239
4376,2017-01-03,50,GROCERY I,0,432.147
4377,2017-01-04,50,GROCERY I,0,468.149
4378,2017-01-05,50,GROCERY I,0,498.063
4379,2017-01-06,50,GROCERY I,0,275.29
4380,2017-01-07,50,GROCERY I,0,492.086
4381,2017-01-08,50,GROCERY I,0,505.284
4382,2017-01-09,50,GROCERY I,0,552.958
4383,2017-01-10,50,GROCERY I,0,680.104
4384,2017-01-11,50,GROCERY I,0,492.477
4385,2017-01-12,50,GROCERY I,0,520.502
4386,2017-01-13,50,GROCERY I,0,522.174
4387,2017-01-14,50,GROCERY I,0,503.071
4388,2017-01-15,50,GROCERY I,0,787.814
4389,2017-01-16,50,GROCERY I,0,694.391
4390,2017-01-17,50,GROCERY I,0,507.14
4391,2017-01-18,50,GROCERY I,0,555.341
4392,2017-01-19,50,GROCERY I,0,467.507
4393,2017-01-20,50,GROCERY I,0,485.37
4394,2017-01-21,50,GROCERY I,0,331.023
4395,2017-01-22,50,GROCERY I,1,561.771
4396,2017-01-23,50,GROCERY I,0,324.856
4397,2017-01-24,50,GROCERY I,0,663.812
4398,2017-01-25,50,GROCERY I,0,499.924
4399,2017-01-26,50,GROCERY I,0,384.116
4400,2017-01-27,50,GROCERY I,0,375.197
4401,2017-01-28,50,GROCERY I,0,348.932
4402,2017-01-29,50,GROCERY I,0,750.454
4403,2017-01-30,50,GROCERY I,0,376.486
4404,2017-01-31,50,GROCERY I,4,989.703
4405,2017-02-01,50,GROCERY I,0,675.701
4406,2017-02-02,50,GROCERY I,0,632.699
4407,2017-02-03,50,GROCERY I,0,394.369
4408,2017-02-04,50,GROCERY I,0,423.815
4409,2017-02-05,50,GROCERY I,3,721.547
4410,2017-02-06,50,GROCERY I,0,415.754
4411,2017-02-07,50,GROCERY I,0,568.665
4412,2017-02-08,50,GROCERY I,0,562.526
4413,2017-02-09,50,GROCERY I,0,410.446
4414,2017-02-10,50,GROCERY I,0,386.084
4415,2017-02-11,50,GROCERY I,0,457.676
4416,2017-02-12,50,GROCERY I,0,513.088
4417,2017-02-13,50,GROCERY I,6,663.266
4418,2017-02-14,50,GROCERY I,0,815.799
4419,2017-02-15,50,GROCERY I,0,492.284
4420,2017-02-16,50,GROCERY I,0,497.09
4421,2017-02-17,50,GROCERY I,0,326.141
4422,2017-02-18,50,GROCERY I,0,485.336
4423,2017-02-19,50,GROCERY I,0,530.442
4424,2017-02-20,50,GROCERY I,0,528.124
4425,2017-02-21,50,GROCERY I,0,768.165
4426,2017-02-22,50,GROCERY I,0,534.338
4427,2017-02-23,50,GROCERY I,0,436.726
4428,2017-02-24,50,GROCERY I,0,432.492
4429,2017-02-25,50,GROCERY I,0,469.864
4430,2017-02-26,50,GROCERY I,0,355.406
4431,2017-02-27,50,GROCERY I,0,737.135
4432,2017-02-28,50,GROCERY I,0,506.195
4433,2017-03-01,50,GROCERY I,0,519.145
4434,2017-03-02,50,GROCERY I,9,755.122
4435,2017-03-03,50,GROCERY I,0,388.761
4436,2017-03-04,50,GROCERY I,0,329.903
4437,2017-03-05,50,GROCERY I,0,488.229
4438,2017-03-06,50,GROCERY I,0,637.469
4439,2017-03-07,50,GROCERY I,0,574.98
4440,2017-03-08,50,GROCERY I,0,430.036
4441,2017-03-09,50,GROCERY I,0,473.076
4442,2017-03-10,50,GROCERY I,0,385.426
4443,2017-03-11,50,GROCERY I,0,540.732
4444,2017-03-12,50,GROCERY I,0,429.932
4445,2017-03-13,50,GROCERY I,0,581.584
4446,2017-03-14,50,GROCERY I,0,712.364
4447,2017-03-15,50,GROCERY I,0,429.712
4448,2017-03-16,50,GROCERY I,0,448.717
4449,2017-03-17,50,GROCERY I,0,496.06
4450,2017-03-18,50,GROCERY I,0,503.438
4451,2017-03-19,50,GROCERY I,0,645.298
4452,2017-03-20,50,GROCERY I,0,641.376
4453,2017-03-21,50,GROCERY I,0,539.718
4454,2017-03-22,50,GROCERY I,0,532.654
4455,2017-03-23,50,GROCERY I,0,472.281
4456,2017-03-24,50,GROCERY I,0,321.39
4457,2017-03-25,50,GROCERY I,0,581.065
4458,2017-03-26,50,GROCERY I,0,439.124
4459,2017-03-27,50,GROCERY I,0,399.463
4460,2017-03-28,50,GROCERY I,2,665.065
4461,2017-03-29,50,GROCERY I,0,481.152
4462,2017-03-30,50,GROCERY I,0,429.463
4463,2017-03-31,50,GROCERY I,0,523.017
4464,2017-04-01,50,GROCERY I,0,412.912
4465,2017-04-02,50,GROCERY I,0,352.713
4466,2017-04-03,50,GROCERY I,0,469.069
4467,2017-04-04,50,GROCERY I,0,521.326
4468,2017-04-05,50,GROCERY I,0,443.832
4469,2017-04-06,50,GROCERY I,0,432.25
4470,2017-04-07,50,GROCERY I,0,451.447
4471,2017-04-08,50,GROCERY I,0,413.909
4472,2017-04-09,50,GROCERY I,0,437.337
4473,2017-04-10,50,GROCERY I,0,692.647
4474,2017-04-11,50,GROCERY I,0,501.526
4475,2017-04-12,50,GROCERY I,0,590.658
4476,2017-04-13,50,GROCERY I,0,503.187
4477,2017-04-14,50,GROCERY I,0,569.786
4478,2017-04-15,50,GROCERY I,0,750.864
4479,2017-04-16,50,GROCERY I,0,561.633
4480,2017-04-17,50,GROCERY I,0,538.634
4481,2017-04-18,50,GROCERY I,0,596.18
4482,2017-04-19,50,GROCERY I,4,831.052
4483,2017-04-20,50,GROCERY I,0,453.326
4484,2017-04-21,50,GROCERY I,0,558.282
4485,2017-04-22,50,GROCERY I,0,478.702
4486,2017-04-23,50,GROCERY I,0,646.303
4487,2017-04-24,50,GROCERY I,0,533.23
4488,2017-04-25,50,GROCERY I,0,766.404
4489,2017-04-26,50,GROCERY I,0,561.376
4490,2017-04-27,50,GROCERY I,0,442.648
4491,2017-04-28,50,GROCERY I,0,394.519
4492,2017-04-29,50,GROCERY I,0,459.765
4493,2017-04-30,50,GROCERY I,0,434.526
4494,2017-05-01,50,GROCERY I,5,1020.995
4495,2017-05-02,50,GROCERY I,0,574.894
4496,2017-05-03,50,GROCERY I,0,700.282
4497,2017-05-04,50,GROCERY I,0,640.741
4498,2017-05-05,50,GROCERY I,0,413.597
4499,2017-05-06,50,GROCERY I,0,574.23
4500,2017-05-07,50,GROCERY I,0,452.202
4501,2017-05-08,50,GROCERY I,0,556.503
4502,2017-05-09,50,GROCERY I,0,472.324
4503,2017-05-10,50,GROCERY I,0,491.371
4504,2017-05-11,50,GROCERY I,0,530.801
4505,2017-05-12,50,GROCERY I,0,382.752
4506,2017-05-13,50,GROCERY I,0,482.168
4507,2017-05-14,50,GROCERY I,0,577.99
4508,2017-05-15,50,GROCERY I,0,710.316
4509,2017-05-16,50,GROCERY I,0,440.024
4510,2017-05-17,50,GROCERY I,0,488.84
4511,2017-05-18,50,GROCERY I,0,413.933
4512,2017-05-19,50,GROCERY I,0,343.809
4513,2017-05-20,50,GROCERY I,11,1020.208
4514,2017-05-21,50,GROCERY I,8,772.651
4515,2017-05-22,50,GROCERY I,0,448.241
4516,2017-05-23,50,GROCERY I,0,593.174
4517,2017-05-24,50,GROCERY I,0,704.988
4518,2017-05-25,50,GROCERY I,0,516.759
4519,2017-05-26,50,GROCERY I,0,458.917
4520,2017-05-27,50,GROCERY I,0,517.69
4521,2017-05-28,50,GROCERY I,0,564.701
4522,2017-05-29,50,GROCERY I,0,455.911
4523,2017-05-30,50,GROCERY I,0,435.85
4524,2017-05-31,50,GROCERY I,0,543.289
4525,2017-06-01,50,GROCERY I,0,556.061
4526,2017-06-02,50,GROCERY I,7,806.908
4527,2017-06-03,50,GROCERY I,0,444.156
4528,2017-06-04,50,GROCERY I,0,463.936
4529,2017-06-05,50,GROCERY I,0,618.165
4530,2017-06-06,50,GROCERY I,1,837.278
4531,2017-06-07,50,GROCERY I,0,376.785
4532,2017-06-08,50,GROCERY I,0,449.621
4533,2017-06-09,50,GROCERY I,1,407.834
4534,2017-06-10,50,GROCERY I,0,429.225
4535,2017-06-11,50,GROCERY I,0,637.732
4536,2017-06-12,50,GROCERY I,0,619.069
4537,2017-06-13,50,GROCERY I,0,551.482
4538,2017-06-14,50,GROCERY I,0,463.112
4539,2017-06-15,50,GROCERY I,0,678.035
4540,2017-06-16,50,GROCERY I,0,439.065
4541,2017-06-17,50,GROCERY I,0,337.951
4542,2017-06-18,50,GROCERY I,0,506.65
4543,2017-06-19,50,GROCERY I,0,378.171
4544,2017-06-20,50,GROCERY I,0,497.967
4545,2017-06-21,50,GROCERY I,0,540.844
4546,2017-06-22,50,GROCERY I,0,585.903
4547,2017-06-23,50,GROCERY I,0,379.779
4548,2017-06-24,50,GROCERY I,9,635.612
4549,2017-06-25,50,GROCERY I,0,706.634
4550,2017-06-26,50,GROCERY I,0,579.604
4551,2017-06-27,50,GROCERY I,0,506.82
4552,2017-06-28,50,GROCERY I,0,572.421
4553,2017-06-29,50,GROCERY I,0,534.357
4554,2017-06-30,50,GROCERY I,0,449.836
4555,2017-07-01,50,GROCERY I,0,479.945
4556,2017-07-02,50,GROCERY I,0,440.849
4557,2017-07-03,50,GROCERY I,7,1237.322
4558,2017-07-04,50,GROCERY I,0,457.718
4559,2017-07-05,50,GROCERY I,0,520.645
4560,2017-07-06,50,GROCERY I,0,409.607
4561,2017-07-07,50,GROCERY I,0,719.779
4562,2017-07-08,50,GROCERY I,0,408.833
4563,2017-07-09,50,GROCERY I,0,582.211
4564,2017-07-10,50,GROCERY I,0,690.333
4565,2017-07-11,50,GROCERY I,0,645.274
4566,2017-07-12,50,GROCERY I,0,509.889
4567,2017-07-13,50,GROCERY I,0,460.113
4568,2017-07-14,50,GROCERY I,0,480.539
4569,2017-07-15,50,GROCERY I,1,664.339
4570,2017-07-16,50,GROCERY I,4,646.826
4571,2017-07-17,50,GROCERY I,6,654.708
4572,2017-07-18,50,GROCERY I,0,824.039
4573,2017-07-19,50,GROCERY I,0,573.443
4574,2017-07-20,50,GROCERY I,0,486.226
4575,2017-07-21,50,GROCERY I,0,416.277
4576,2017-07-22,50,GROCERY I,0,541.768
4577,2017-07-23,50,GROCERY I,0,620.832
4578,2017-07-24,50,GROCERY I,0,495.589
4579,2017-07-25,50,GROCERY I,0,430.749
4580,2017-07-26,50,GROCERY I,0,714.287
4581,2017-07-27,50,GROCERY I,0,404.235
4582,2017-07-28,50,GROCERY I,0,513.82
4583,2017-07-29,50,GROCERY I,0,508.039
4584,2017-07-30,50,GROCERY I,0,382.704
4585,2017-07-31,50,GROCERY I,0,526.866
4586,2017-08-01,50,GROCERY I,0,549.698
4587,2017-08-02,50,GROCERY I,6,812.861
4588,2017-08-03,50,GROCERY I,0,608.563
4589,2017-08-04,50,GROCERY I,0,604.389
4590,2017-08-05,50,GROCERY I,0,497.786
4591,2017-08-06,50,GROCERY I,5,737.94
4592,2017-08-07,50,GROCERY I,0,597.699
4593,2017-08-08,50,GROCERY I,0,558.923
4594,2017-08-09,50,GROCERY I,0,497.175
4595,2017-08-10,50,GROCERY I,0,501.545
4596,2017-08-11,50,GROCERY I,0,388.811
4597,2017-08-12,50,GROCERY I,0,506.921
4598,2017-08-13,50,GROCERY I,0,624.428
4599,2017-08-14,50,GROCERY I,0,565.445
4600,2017-08-15,50,GROCERY I,3,972.123
4617,2017-01-01,50,BEVERAGES,0,658.788
4618,2017-01-02,50,BEVERAGES,0,430.3
4619,2017-01-03,50,BEVERAGES,0,357.017
4620,2017-01-04,50,BEVERAGES,0,258.71
4621,2017-01-05,50,BEVERAGES,8,493.683
4622,2017-01-06,50,BEVERAGES,0,305.275
4623,2017-01-07,50,BEVERAGES,0,339.494
4624,2017-01-08,50,BEVERAGES,0,385.134
4625,2017-01-09,50,BEVERAGES,0,414.266
4626,2017-01-10,50,BEVERAGES,0,255.029
4627,2017-01-11,50,BEVERAGES,3,392.547
4628,2017-01-12,50,BEVERAGES,11,648.69
4629,2017-01-13,50,BEVERAGES,0,345.637
4630,2017-01-14,50,BEVERAGES,0,503.982
4631,2017-01-15,50,BEVERAGES,0,399.124
4632,2017-01-16,50,BEVERAGES,0,262.099
4633,2017-01-17,50,BEVERAGES,0,329.759
4634,2017-01-18,50,BEVERAGES,0,299.456
4635,2017-01-19,50,BEVERAGES,0,278.869
4636,2017-01-20,50,BEVERAGES,0,273.471
4637,2017-01-21,50,BEVERAGES,0,341.075
4638,2017-01-22,50,BEVERAGES,0,412.862
4639,2017-01-23,50,BEVERAGES,0,357.552
4640,2017-01-24,50,BEVERAGES,0,291.451
4641,2017-01-25,50,BEVERAGES,0,407.853
4642,2017-01-26,50,BEVERAGES,0,390.43
4643,2017-01-27,50,BEVERAGES,0,395.472
4644,2017-01-28,50,BEVERAGES,0,286.894
4645,2017-01-29,50,BEVERAGES,1,384.121
4646,2017-01-30,50,BEVERAGES,0,394.661
4647,2017-01-31,50,BEVERAGES,10,664.315
4648,2017-02-01,50,BEVERAGES,0,280.722
4649,2017-02-02,50,BEVERAGES,0,218.689
4650,2017-02-03,50,BEVERAGES,0,296.74
4651,2017-02-04,50,BEVERAGES,0,321.761
4652,2017-02-05,50,BEVERAGES,3,582.466
4653,2017-02-06,50,BEVERAGES,0,425.45
4654,2017-02-07,50,BEVERAGES,0,298.335
4655,2017-02-08,50,BEVERAGES,0,305.789
4656,2017-02-09,50,BEVERAGES,0,266.355
4657,2017-02-10,50,BEVERAGES,0,270.732
4658,2017-02-11,50,BEVERAGES,0,321.985
4659,2017-02-12,50,BEVERAGES,0,422.321
4660,2017-02-13,50,BEVERAGES,0,389.371
4661,2017-02-14,50,BEVERAGES,0,463.167
4662,2017-02-15,50,BEVERAGES,0,575.99
4663,2017-02-16,50,BEVERAGES,0,236.066
4664,2017-02-17,50,BEVERAGES,0,470.382
4665,2017-02-18,50,BEVERAGES,0,294.855
4666,2017-02-19,50,BEVERAGES,0,445.121
4667,2017-02-20,50,BEVERAGES,2,308.417
4668,2017-02-21,50,BEVERAGES,0,391.378
4669,2017-02-22,50,BEVERAGES,3,540.691
4670,2017-02-23,50,BEVERAGES,11,554.137
4671,2017-02-24,50,BEVERAGES,0,294.755
4672,2017-02-25,50,BEVERAGES,0,252.433
4673,2017-02-26,50,BEVERAGES,0,280.839
4674,2017-02-27,50,BEVERAGES,10,1192.191
4675,2017-02-28,50,BEVERAGES,0,302.534
4676,2017-03-01,50,BEVERAGES,0,264.61
4677,2017-03-02,50,BEVERAGES,0,251.203
4678,2017-03-03,50,BEVERAGES,0,291.233
4679,2017-03-04,50,BEVERAGES,0,310.029
4680,2017-03-05,50,BEVERAGES,0,350.687
4681,2017-03-06,50,BEVERAGES,0,333.908
4682,2017-03-07,50,BEVERAGES,0,393.64
4683,2017-03-08,50,BEVERAGES,11,611.97
4684,2017-03-09,50,BEVERAGES,0,295.383
4685,2017-03-10,50,BEVERAGES,0,329.32
4686,2017-03-11,50,BEVERAGES,0,361.874
4687,2017-03-12,50,BEVERAGES,0,458.599
4688,2017-03-13,50,BEVERAGES,0,485.627
4689,2017-03-14,50,BEVERAGES,0,393.717
4690,2017-03-15,50,BEVERAGES,0,408.072
4691,2017-03-16,50,BEVERAGES,0,347.388
4692,2017-03-17,50,BEVERAGES,0,290.519
4693,2017-03-18,50,BEVERAGES,0,266.821
4694,2017-03-19,50,BEVERAGES,0,382.781
4695,2017-03-20,50,BEVERAGES,0,343.5
4696,2017-03-21,50,BEVERAGES,0,339.733
4697,2017-03-22,50,BEVERAGES,9,569.506
4698,2017-03-23,50,BEVERAGES,0,223.869
4699,2017-03-24,50,BEVERAGES,0,404.82
4700,2017-03-25,50,BEVERAGES,0,344.79
4701,2017-03-26,50,BEVERAGES,0,293.729
4702,2017-03-27,50,BEVERAGES,11,815.075
4703,2017-03-28,50,BEVERAGES,0,326.693
4704,2017-03-29,50,BEVERAGES,0,315.978
4705,2017-03-30,50,BEVERAGES,0,317.244
4706,2017-03-31,50,BEVERAGES,0,325.909
4707,2017-04-01,50,BEVERAGES,0,259.87
4708,2017-04-02,50,BEVERAGES,0,290.145
4709,2017-04-03,50,BEVERAGES,0,429.193
4710,2017-04-04,50,BEVERAGES,0,464.986
4711,2017-04-05,50,BEVERAGES,0,222.441
4712,2017-04-06,50,BEVERAGES,0,334.869
4713,2017-04-07,50,BEVERAGES,0,307.301
4714,2017-04-08,50,BEVERAGES,0,310.789
4715,2017-04-09,50,BEVERAGES,9,517.779
4716,2017-04-10,50,BEVERAGES,0,278.578
4717,2017-04-11,50,BEVERAGES,0,334.942
4718,2017-04-12,50,BEVERAGES,0,330.441
4719,2017-04-13,50,BEVERAGES,0,280.482
4720,2017-04-14,50,BEVERAGES,0,441.912
4721,2017-04-15,50,BEVERAGES,10,898.531
4722,2017-04-16,50,BEVERAGES,0,331.426
4723,2017-04-17,50,BEVERAGES,0,325.01
4724,2017-04-18,50,BEVERAGES,0,261.601
4725,2017-04-19,50,BEVERAGES,0,276.767
4726,2017-04-20,50,BEVERAGES,0,293.051
4727,2017-04-21,50,BEVERAGES,6,459.553
4728,2017-04-22,50,BEVERAGES,0,361.617
4729,2017-04-23,50,BEVERAGES,0,313.106
4730,2017-04-24,50,BEVERAGES,0,499.888
4731,2017-04-25,50,BEVERAGES,0,327.384
4732,2017-04-26,50,BEVERAGES,7,490.468
4733,2017-04-27,50,BEVERAGES,0,253.154
4734,2017-04-28,50,BEVERAGES,0,400.368
4735,2017-04-29,50,BEVERAGES,0,351.386
4736,2017-04-30,50,BEVERAGES,0,431.629
4737,2017-05-01,50,BEVERAGES,0,476.074
4738,2017-05-02,50,BEVERAGES,0,334.141
4739,2017-05-03,50,BEVERAGES,0,294.178
4740,2017-05-04,50,BEVERAGES,0,214.986
4741,2017-05-05,50,BEVERAGES,0,317.91
4742,2017-05-06,50,BEVERAGES,0,303.012
4743,2017-05-07,50,BEVERAGES,0,308.902
4744,2017-05-08,50,BEVERAGES,0,335.492
4745,2017-05-09,50,BEVERAGES,0,225.758
4746,2017-05-10,50,BEVERAGES,0,302.044
4747,2017-05-11,50,BEVERAGES,0,262.716
4748,2017-05-12,50,BEVERAGES,0,375.281
4749,2017-05-13,50,BEVERAGES,0,316.589
4750,2017-05-14,50,BEVERAGES,0,460.836
4751,2017-05-15,50,BEVERAGES,0,342.255
4752,2017-05-16,50,BEVERAGES,7,434.881
4753,2017-05-17,50,BEVERAGES,0,302.684
4754,2017-05-18,50,BEVERAGES,0,346.141
4755,2017-05-19,50,BEVERAGES,0,313.498
4756,2017-05-20,50,BEVERAGES,0,331.326
4757,2017-05-21,50,BEVERAGES,0,216.076
4758,2017-05-22,50,BEVERAGES,0,285.289
4759,2017-05-23,50,BEVERAGES,0,318.994
4760,2017-05-24,50,BEVERAGES,0,446.017
4761,2017-05-25,50,BEVERAGES,0,242.712
4762,2017-05-26,50,BEVERAGES,0,302.12
4763,2017-05-27,50,BEVERAGES,0,305.228
4764,2017-05-28,50,BEVERAGES,0,281.853
4765,2017-05-29,50,BEVERAGES,0,325.267
4766,2017-05-30,50,BEVERAGES,0,372.526
4767,2017-05-31,50,BEVERAGES,0,354.658
4768,2017-06-01,50,BEVERAGES,0,194.913
4769,2017-06-02,50,BEVERAGES,0,384.29
4770,2017-06-03,50,BEVERAGES,0,292.262
4771,2017-06-04,50,BEVERAGES,0,385.623
4772,2017-06-05,50,BEVERAGES,0,360.473
4773,2017-06-06,50,BEVERAGES,0,269.282
4774,2017-06-07,50,BEVERAGES,0,291.268
4775,2017-06-08,50,BEVERAGES,0,313.609
4776,2017-06-09,50,BEVERAGES,0,381.201
4777,2017-06-10,50,BEVERAGES,0,418.387
4778,2017-06-11,50,BEVERAGES,0,358.645
4779,2017-06-12,50,BEVERAGES,0,429.795
4780,2017-06-13,50,BEVERAGES,7,487.346
4781,2017-06-14,50,BEVERAGES,0,373.976
4782,2017-06-15,50,BEVERAGES,0,389.99
4783,2017-06-16,50,BEVERAGES,0,321.526
4784,2017-06-17,50,BEVERAGES,0,374.896
4785,2017-06-18,50,BEVERAGES,0,344.401
4786,2017-06-19,50,BEVERAGES,0,378.242
4787,2017-06-20,50,BEVERAGES,0,298.287
4788,2017-06-21,50,BEVERAGES,0,470.211
4789,2017-06-22,50,BEVERAGES,0,239.48
4790,2017-06-23,50,BEVERAGES,10,518.796
4791,2017-06-24,50,BEVERAGES,2,465.593
4792,2017-06-25,50,BEVERAGES,0,440.202
4793,2017-06-26,50,BEVERAGES,0,573.603
4794,2017-06-27,50,BEVERAGES,0,330.173
4795,2017-06-28,50,BEVERAGES,0,430.517
4796,2017-06-29,50,BEVERAGES,0,261.74
4797,2017-06-30,50,BEVERAGES,7,487.583
4798,2017-07-01,50,BEVERAGES,7,526.283
4799,2017-07-02,50,BEVERAGES,0,275.723
4800,2017-07-03,50,BEVERAGES,0,353.428
4801,2017-07-04,50,BEVERAGES,0,308.232
4802,2017-07-05,50,BEVERAGES,0,299.399
4803,2017-07-06,50,BEVERAGES,1,273.121
4804,2017-07-07,50,BEVERAGES,0,284.38
4805,2017-07-08,50,BEVERAGES,0,329.564
4806,2017-07-09,50,BEVERAGES,0,302.73
4807,2017-07-10,50,BEVERAGES,0,342.314
4808,2017-07-11,50,BEVERAGES,0,435.384
4809,2017-07-12,50,BEVERAGES,0,400.599
4810,2017-07-13,50,BEVERAGES,0,380.43
4811,2017-07-14,50,BEVERAGES,0,466.956
4812,2017-07-15,50,BEVERAGES,8,623.84
4813,2017-07-16,50,BEVERAGES,0,524.14
4814,2017-07-17,50,BEVERAGES,0,476.965
4815,2017-07-18,50,BEVERAGES,0,299.615
4816,2017-07-19,50,BEVERAGES,1,374.569
4817,2017-07-20,50,BEVERAGES,0,424.917
4818,2017-07-21,50,BEVERAGES,0,396.238
4819,2017-07-22,50,BEVERAGES,0,316.844
4820,2017-07-23,50,BEVERAGES,0,369.304
4821,2017-07-24,50,BEVERAGES,0,253.747
4822,2017-07-25,50,BEVERAGES,0,381.551
4823,2017-07-26,50,BEVERAGES,0,322.068
4824,2017-07-27,50,BEVERAGES,0,334.61
4825,2017-07-28,50,BEVERAGES,0,362.637
4826,2017-07-29,50,BEVERAGES,0,380.286
4827,2017-07-30,50,BEVERAGES,0,446.867
4828,2017-07-31,50,BEVERAGES,0,343.32
4829,2017-08-01,50,BEVERAGES,0,372.444
4830,2017-08-02,50,BEVERAGES,2,417.338
4831,2017-08-03,50,BEVERAGES,0,303.576
4832,2017-08-04,50,BEVERAGES,0,309.297
4833,2017-08-05,50,BEVERAGES,0,384.51
4834,2017-08-06,50,BEVERAGES,0,453.011
4835,2017-08-07,50,BEVERAGES,0,287.364
4836,2017-08-08,50,BEVERAGES,0,378.092
4837,2017-08-09,50,BEVERAGES,0,429.959
4838,2017-08-10,50,BEVERAGES,2,531.965
4839,2017-08-11,50,BEVERAGES,0,262.169
4840,2017-08-12,50,BEVERAGES,10,930.81
4841,2017-08-13,50,BEVERAGES,0,507.006
4842,2017-08-14,50,BEVERAGES,0,326.49
4843,2017-08-15,50,BEVERAGES,0,602.645
4860,2017-01-01,50,PRODUCE,0,218.602
4861,2017-01-02,50,PRODUCE,0,146.827
4862,2017-01-03,50,PRODUCE,0,158.02
4863,2017-01-04,50,PRODUCE,0,177.042
4864,2017-01-05,50,PRODUCE,7,450.27
4865,2017-01-06,50,PRODUCE,0,183.655
4866,2017-01-07,50,PRODUCE,0,245.85
4867,2017-01-08,50,PRODUCE,0,256.324
4868,2017-01-09,50,PRODUCE,0,162.09
4869,2017-01-10,50,PRODUCE,0,160.3
4870,2017-01-11,50,PRODUCE,10,372.988
4871,2017-01-12,50,PRODUCE,0,254.425
4872,2017-01-13,50,PRODUCE,0,256.837
4873,2017-01-14,50,PRODUCE,0,203.271
4874,2017-01-15,50,PRODUCE,0,260.686
4875,2017-01-16,50,PRODUCE,0,192.726
4876,2017-01-17,50,PRODUCE,5,180.813
4877,2017-01-18,50,PRODUCE,0,140.77
4878,2017-01-19,50,PRODUCE,8,289.294
4879,2017-01-20,50,PRODUCE,0,194.794
4880,2017-01-21,50,PRODUCE,0,193.729
4881,2017-01-22,50,PRODUCE,0,240.263
4882,2017-01-23,50,PRODUCE,0,154.434
4883,2017-01-24,50,PRODUCE,0,180.476
4884,2017-01-25,50,PRODUCE,0,154.351
4885,2017-01-26,50,PRODUCE,0,221.291
4886,2017-01-27,50,PRODUCE,0,194.174
4887,2017-01-28,50,PRODUCE,0,202.972
4888,2017-01-29,50,PRODUCE,0,212.94
4889,2017-01-30,50,PRODUCE,0,177.911
4890,2017-01-31,50,PRODUCE,7,316.783
4891,2017-02-01,50,PRODUCE,0,172.851
4892,2017-02-02,50,PRODUCE,0,190.998
4893,2017-02-03,50,PRODUCE,0,128.027
4894,2017-02-04,50,PRODUCE,0,190.927
4895,2017-02-05,50,PRODUCE,0,156.685
4896,2017-02-06,50,PRODUCE,0,197.705
4897,2017-02-07,50,PRODUCE,0,201.544
4898,2017-02-08,50,PRODUCE,0,124.393
4899,2017-02-09,50,PRODUCE,0,188.405
4900,2017-02-10,50,PRODUCE,5,291.205
4901,2017-02-11,50,PRODUCE,0,148.1
4902,2017-02-12,50,PRODUCE,0,328.549
4903,2017-02-13,50,PRODUCE,9,438.588
4904,2017-02-14,50,PRODUCE,0,176.581
4905,2017-02-15,50,PRODUCE,0,201.838
4906,2017-02-16,50,PRODUCE,0,223.972
4907,2017-02-17,50,PRODUCE,0,173.405
4908,2017-02-18,50,PRODUCE,2,174.254
4909,2017-02-19,50,PRODUCE,0,189.571
4910,2017-02-20,50,PRODUCE,0,165.035
4911,2017-02-21,50,PRODUCE,0,176.199
4912,2017-02-22,50,PRODUCE,0,129.319
4913,2017-02-23,50,PRODUCE,0,178.699
4914,2017-02-24,50,PRODUCE,0,217.069
4915,2017-02-25,50,PRODUCE,0,249.055
4916,2017-02-26,50,PRODUCE,0,133.477
4917,2017-02-27,50,PRODUCE,0,163.887
4918,2017-02-28,50,PRODUCE,0,179.892
4919,2017-03-01,50,PRODUCE,0,194.115
4920,2017-03-02,50,PRODUCE,0,201.223
4921,2017-03-03,50,PRODUCE,0,213.267
4922,2017-03-04,50,PRODUCE,0,249.951
4923,2017-03-05,50,PRODUCE,0,156.906
4924,2017-03-06,50,PRODUCE,0,146.829
4925,2017-03-07,50,PRODUCE,4,179.837
4926,2017-03-08,50,PRODUCE,0,270.304
4927,2017-03-09,50,PRODUCE,0,207.109
4928,2017-03-10,50,PRODUCE,0,217.949
4929,2017-03-11,50,PRODUCE,0,214.251
4930,2017-03-12,50,PRODUCE,0,165.767
4931,2017-03-13,50,PRODUCE,0,205.707
4932,2017-03-14,50,PRODUCE,0,119.942
4933,2017-03-15,50,PRODUCE,4,336.039
4934,2017-03-16,50,PRODUCE,0,208.413
4935,2017-03-17,50,PRODUCE,0,229.464
4936,2017-03-18,50,PRODUCE,7,362.527
4937,2017-03-19,50,PRODUCE,0,252.807
4938,2017-03-20,50,PRODUCE,0,169.851
4939,2017-03-21,50,PRODUCE,0,158.606
4940,2017-03-22,50,PRODUCE,0,149.567
4941,2017-03-23,50,PRODUCE,3,260.43
4942,2017-03-24,50,PRODUCE,0,155.747
4943,2017-03-25,50,PRODUCE,0,227.358
4944,2017-03-26,50,PRODUCE,1,164.397
4945,2017-03-27,50,PRODUCE,0,186.802
4946,2017-03-28,50,PRODUCE,0,201.484
4947,2017-03-29,50,PRODUCE,0,129.825
4948,2017-03-30,50,PRODUCE,0,174.934
4949,2017-03-31,50,PRODUCE,0,251.663
4950,2017-04-01,50,PRODUCE,0,210.456
4951,2017-04-02,50,PRODUCE,0,241.29
4952,2017-04-03,50,PRODUCE,0,222.973
4953,2017-04-04,50,PRODUCE,0,160.382
4954,2017-04-05,50,PRODUCE,6,179.859
4955,2017-04-06,50,PRODUCE,0,181.177
4956,2017-04-07,50,PRODUCE,0,156.619
4957,2017-04-08,50,PRODUCE,0,218.699
4958,2017-04-09,50,PRODUCE,0,252.512
4959,2017-04-10,50,PRODUCE,0,175.284
4960,2017-04-11,50,PRODUCE,0,199.678
4961,2017-04-12,50,PRODUCE,0,195.869
4962,2017-04-13,50,PRODUCE,0,297.053
4963,2017-04-14,50,PRODUCE,0,342.874
4964,2017-04-15,50,PRODUCE,0,236.112
4965,2017-04-16,50,PRODUCE,0,214.037
4966,2017-04-17,50,PRODUCE,3,282.077
4967,2017-04-18,50,PRODUCE,0,225.311
4968,2017-04-19,50,PRODUCE,0,205.661
4969,2017-04-20,50,PRODUCE,0,205.941
4970,2017-04-21,50,PRODUCE,0,219.216
4971,2017-04-22,50,PRODUCE,3,249.943
4972,2017-04-23,50,PRODUCE,0,165.572
4973,2017-04-24,50,PRODUCE,0,152.105
4974,2017-04-25,50,PRODUCE,0,163.47
4975,2017-04-26,50,PRODUCE,7,299.452
4976,2017-04-27,50,PRODUCE,0,238.453
4977,2017-04-28,50,PRODUCE,0,267.056
4978,2017-04-29,50,PRODUCE,0,224.581
4979,2017-04-30,50,PRODUCE,0,246.835
4980,2017-05-01,50,PRODUCE,0,157.591
4981,2017-05-02,50,PRODUCE,0,158.338
4982,2017-05-03,50,PRODUCE,0,170.206
4983,2017-05-04,50,PRODUCE,0,208.732
4984,2017-05-05,50,PRODUCE,0,290.08
4985,2017-05-06,50,PRODUCE,1,214.576
4986,2017-05-07,50,PRODUCE,0,173.712
4987,2017-05-08,50,PRODUCE,0,159.053
4988,2017-05-09,50,PRODUCE,0,113.093
4989,2017-05-10,50,PRODUCE,0,123.86
4990,2017-05-11,50,PRODUCE,0,195.316
4991,2017-05-12,50,PRODUCE,0,213.311
4992,2017-05-13,50,PRODUCE,0,137.566
4993,2017-05-14,50,PRODUCE,0,262.334
4994,2017-05-15,50,PRODUCE,0,214.843
4995,2017-05-16,50,PRODUCE,0,166.764
4996,2017-05-17,50,PRODUCE,0,217.031
4997,2017-05-18,50,PRODUCE,0,177.365
4998,2017-05-19,50,PRODUCE,0,173.123
4999,2017-05-20,50,PRODUCE,0,216.122
5000,2017-05-21,50,PRODUCE,0,217.08
5001,2017-05-22,50,PRODUCE,0,172.567
5002,2017-05-23,50,PRODUCE,0,152.239
5003,2017-05-24,50,PRODUCE,0,216.675
5004,2017-05-25,50,PRODUCE,0,168.992
5005,2017-05-26,50,PRODUCE,0,198.185
5006,2017-05-27,50,PRODUCE,0,147.7
5007,2017-05-28,50,PRODUCE,0,173.988
5008,2017-05-29,50,PRODUCE,0,172.152
5009,2017-05-30,50,PRODUCE,0,205.145
5010,2017-05-31,50,PRODUCE,0,215.859
5011,2017-06-01,50,PRODUCE,0,207.527
5012,2017-06-02,50,PRODUCE,0,165.506
5013,2017-06-03,50,PRODUCE,0,206.495
5014,2017-06-04,50,PRODUCE,2,202.001
5015,2017-06-05,50,PRODUCE,0,194.915
5016,2017-06-06,50,PRODUCE,0,176.949
5017,2017-06-07,50,PRODUCE,0,138.958
5018,2017-06-08,50,PRODUCE,0,180.946
5019,2017-06-09,50,PRODUCE,0,186.224
5020,2017-06-10,50,PRODUCE,0,211.973
5021,2017-06-11,50,PRODUCE,0,275.808
5022,2017-06-12,50,PRODUCE,0,162.384
5023,2017-06-13,50,PRODUCE,0,211.512
5024,2017-06-14,50,PRODUCE,0,220.905
5025,2017-06-15,50,PRODUCE,0,278.11
5026,2017-06-16,50,PRODUCE,0,253.546
5027,2017-06-17,50,PRODUCE,0,279.112
5028,2017-06-18,50,PRODUCE,0,123.892
5029,2017-06-19,50,PRODUCE,0,162.605
5030,2017-06-20,50,PRODUCE,5,187.29
5031,2017-06-21,50,PRODUCE,9,286.789
5032,2017-06-22,50,PRODUCE,0,218.244
5033,2017-06-23,50,PRODUCE,0,252.07
5034,2017-06-24,50,PRODUCE,0,155.159
5035,2017-06-25,50,PRODUCE,0,192.211
5036,2017-06-26,50,PRODUCE,0,214.358
5037,2017-06-27,50,PRODUCE,0,143.495
5038,2017-06-28,50,PRODUCE,0,204.216
5039,2017-06-29,50,PRODUCE,0,166.783
5040,2017-06-30,50,PRODUCE,0,256.91
5041,2017-07-01,50,PRODUCE,10,347.047
5042,2017-07-02,50,PRODUCE,0,186.758
5043,2017-07-03,50,PRODUCE,0,132.943
5044,2017-07-04,50,PRODUCE,0,163.861
5045,2017-07-05,50,PRODUCE,0,213.994
5046,2017-07-06,50,PRODUCE,0,166.835
5047,2017-07-07,50,PRODUCE,0,208.463
5048,2017-07-08,50,PRODUCE,0,257.363
5049,2017-07-09,50,PRODUCE,0,196.178
5050,2017-07-10,50,PRODUCE,0,162.931
5051,2017-07-11,50,PRODUCE,0,226.957
5052,2017-07-12,50,PRODUCE,0,199.58
5053,2017-07-13,50,PRODUCE,0,212.797
5054,2017-07-14,50,PRODUCE,0,195.357
5055,2017-07-15,50,PRODUCE,0,248.698
5056,2017-07-16,50,PRODUCE,0,220.371
5057,2017-07-17,50,PRODUCE,0,189.587
5058,2017-07-18,50,PRODUCE,0,177.115
5059,2017-07-19,50,PRODUCE,0,216.068
5060,2017-07-20,50,PRODUCE,0,216.378
5061,2017-07-21,50,PRODUCE,0,197.627
5062,2017-07-22,50,PRODUCE,0,293.488
5063,2017-07-23,50,PRODUCE,0,192.069
5064,2017-07-24,50,PRODUCE,0,146.789
5065,2017-07-25,50,PRODUCE,0,132.138
5066,2017-07-26,50,PRODUCE,0,165.615
5067,2017-07-27,50,PRODUCE,0,176.269
5068,2017-07-28,50,PRODUCE,0,257.224
5069,2017-07-29,50,PRODUCE,0,185.189
5070,2017-07-30,50,PRODUCE,0,168.193
5071,2017-07-31,50,PRODUCE,0,218.379
5072,2017-08-01,50,PRODUCE,0,145.423
5073,2017-08-02,50,PRODUCE,0,188.364
5074,2017-08-03,50,PRODUCE,11,376.695
5075,2017-08-04,50,PRODUCE,0,299.615
5076,2017-08-05,50,PRODUCE,0,211.699
5077,2017-08-06,50,PRODUCE,0,147.25
5078,2017-08-07,50,PRODUCE,0,177.033
5079,2017-08-08,50,PRODUCE,0,135.255
5080,2017-08-09,50,PRODUCE,0,247.848
5081,2017-08-10,50,PRODUCE,0,295.128
5082,2017-08-11,50,PRODUCE,0,299.008
5083,2017-08-12,50,PRODUCE,0,263.252
5084,2017-08-13,50,PRODUCE,0,206.612
5085,2017-08-14,50,PRODUCE,0,223.464
5086,2017-08-15,50,PRODUCE,0,327.365
5103,2017-01-01,50,CLEANING,0,170.489
5104,2017-01-02,50,CLEANING,0,145.767
5105,2017-01-03,50,CLEANING,0,160.548
5106,2017-01-04,50,CLEANING,0,64.025
5107,2017-01-05,50,CLEANING,0,110.361
5108,2017-01-06,50,CLEANING,0,106.605
5109,2017-01-07,50,CLEANING,0,108.92
5110,2017-01-08,50,CLEANING,0,109.175
5111,2017-01-09,50,CLEANING,0,121.7
5112,2017-01-10,50,CLEANING,0,83.991
5113,2017-01-11,50,CLEANING,5,140.621
5114,2017-01-12,50,CLEANING,0,128.36
5115,2017-01-13,50,CLEANING,0,99.959
5116,2017-01-14,50,CLEANING,0,174.525
5117,2017-01-15,50,CLEANING,0,118.461
5118,2017-01-16,50,CLEANING,0,108.483
5119,2017-01-17,50,CLEANING,0,95.366
5120,2017-01-18,50,CLEANING,0,139.02
5121,2017-01-19,50,CLEANING,0,131.83
5122,2017-01-20,50,CLEANING,0,101.624
5123,2017-01-21,50,CLEANING,0,124.174
5124,2017-01-22,50,CLEANING,0,99.314
5125,2017-01-23,50,CLEANING,0,126.954
5126,2017-01-24,50,CLEANING,0,112.75
5127,2017-01-25,50,CLEANING,0,82.378
5128,2017-01-26,50,CLEANING,2,125.019
5129,2017-01-27,50,CLEANING,0,120.224
5130,2017-01-28,50,CLEANING,0,94.462
5131,2017-01-29,50,CLEANING,0,143.359
5132,2017-01-30,50,CLEANING,0,107.677
5133,2017-01-31,50,CLEANING,11,218.691
5134,2017-02-01,50,CLEANING,0,70.854
5135,2017-02-02,50,CLEANING,0,94.051
5136,2017-02-03,50,CLEANING,11,185.189
5137,2017-02-04,50,CLEANING,0,121.336
5138,2017-02-05,50,CLEANING,0,123.646
5139,2017-02-06,50,CLEANING,0,141.728
5140,2017-02-07,50,CLEANING,0,93.854
5141,2017-02-08,50,CLEANING,0,98.689
5142,2017-02-09,50,CLEANING,0,54.216
5143,2017-02-10,50,CLEANING,0,132.349
5144,2017-02-11,50,CLEANING,0,134.474
5145,2017-02-12,50,CLEANING,0,149.814
5146,2017-02-13,50,CLEANING,0,106.769
5147,2017-02-14,50,CLEANING,7,163.3
5148,2017-02-15,50,CLEANING,0,125.643
5149,2017-02-16,50,CLEANING,0,79.243
5150,2017-02-17,50,CLEANING,0,102.322
5151,2017-02-18,50,CLEANING,0,156.13
5152,2017-02-19,50,CLEANING,0,131.394
5153,2017-02-20,50,CLEANING,0,110.921
5154,2017-02-21,50,CLEANING,0,88.866
5155,2017-02-22,50,CLEANING,0,125.97
5156,2017-02-23,50,CLEANING,0,86.271
5157,2017-02-24,50,CLEANING,0,119.448
5158,2017-02-25,50,CLEANING,0,131.685
5159,2017-02-26,50,CLEANING,0,106.508
5160,2017-02-27,50,CLEANING,0,156.058
5161,2017-02-28,50,CLEANING,0,137.397
5162,2017-03-01,50,CLEANING,0,125.728
5163,2017-03-02,50,CLEANING,0,129.403
5164,2017-03-03,50,CLEANING,0,119.267
5165,2017-03-04,50,CLEANING,0,138.07
5166,2017-03-05,50,CLEANING,6,139.593
5167,2017-03-06,50,CLEANING,0,103.433
5168,2017-03-07,50,CLEANING,0,91.088
5169,2017-03-08,50,CLEANING,0,93.462
5170,2017-03-09,50,CLEANING,0,109.416
5171,2017-03-10,50,CLEANING,0,125.736
5172,2017-03-11,50,CLEANING,0,102.848
5173,2017-03-12,50,CLEANING,0,115.418
5174,2017-03-13,50,CLEANING,0,152.555
5175,2017-03-14,50,CLEANING,5,149.765
5176,2017-03-15,50,CLEANING,0,99.544
5177,2017-03-16,50,CLEANING,6,94.073
5178,2017-03-17,50,CLEANING,0,119.597
5179,2017-03-18,50,CLEANING,0,129.033
5180,2017-03-19,50,CLEANING,0,149.981
5181,2017-03-20,50,CLEANING,0,79.835
5182,2017-03-21,50,CLEANING,0,103.832
5183,2017-03-22,50,CLEANING,0,145.611
5184,2017-03-23,50,CLEANING,8,137.134
5185,2017-03-24,50,CLEANING,0,103.171
5186,2017-03-25,50,CLEANING,0,112.037
5187,2017-03-26,50,CLEANING,0,129.894
5188,2017-03-27,50,CLEANING,0,115.418
5189,2017-03-28,50,CLEANING,0,100.876
5190,2017-03-29,50,CLEANING,0,142.009
5191,2017-03-30,50,CLEANING,11,189.252
5192,2017-03-31,50,CLEANING,0,148.992
5193,2017-04-01,50,CLEANING,0,111.347
5194,2017-04-02,50,CLEANING,0,100.078
5195,2017-04-03,50,CLEANING,0,114.615
5196,2017-04-04,50,CLEANING,0,97.18
5197,2017-04-05,50,CLEANING,0,95.114
5198,2017-04-06,50,CLEANING,0,106.404
5199,2017-04-07,50,CLEANING,0,133.915
5200,2017-04-08,50,CLEANING,0,137.785
5201,2017-04-09,50,CLEANING,0,123.212
5202,2017-04-10,50,CLEANING,0,83.914
5203,2017-04-11,50,CLEANING,0,109.267
5204,2017-04-12,50,CLEANING,0,104.731
5205,2017-04-13,50,CLEANING,0,88.921
5206,2017-04-14,50,CLEANING,0,158.752
5207,2017-04-15,50,CLEANING,0,126.51
5208,2017-04-16,50,CLEANING,0,104.975
5209,2017-04-17,50,CLEANING,0,117.338
5210,2017-04-18,50,CLEANING,0,82.228
5211,2017-04-19,50,CLEANING,0,103.674
5212,2017-04-20,50,CLEANING,0,114.417
5213,2017-04-21,50,CLEANING,0,127.826
5214,2017-04-22,50,CLEANING,0,151.666
5215,2017-04-23,50,CLEANING,0,119.673
5216,2017-04-24,50,CLEANING,11,193.208
5217,2017-04-25,50,CLEANING,0,65.862
5218,2017-04-26,50,CLEANING,0,85.595
5219,2017-04-27,50,CLEANING,0,84.98
5220,2017-04-28,50,CLEANING,0,86.781
5221,2017-04-29,50,CLEANING,0,90.086
5222,2017-04-30,50,CLEANING,0,166.137
5223,2017-05-01,50,CLEANING,0,157.208
5224,2017-05-02,50,CLEANING,0,93.923
5225,2017-05-03,50,CLEANING,0,88.215
5226,2017-05-04,50,CLEANING,0,130.838
5227,2017-05-05,50,CLEANING,0,103.452
5228,2017-05-06,50,CLEANING,0,88.007
5229,2017-05-07,50,CLEANING,0,150.774
5230,2017-05-08,50,CLEANING,0,90.041
5231,2017-05-09,50,CLEANING,0,85.47
5232,2017-05-10,50,CLEANING,6,102.807
5233,2017-05-11,50,CLEANING,0,108.274
5234,2017-05-12,50,CLEANING,0,145.687
5235,2017-05-13,50,CLEANING,0,147.638
5236,2017-05-14,50,CLEANING,0,128.119
5237,2017-05-15,50,CLEANING,0,125.23
5238,2017-05-16,50,CLEANING,0,78.13
5239,2017-05-17,50,CLEANING,0,100.554
5240,2017-05-18,50,CLEANING,0,94.378
5241,2017-05-19,50,CLEANING,0,123.427
5242,2017-05-20,50,CLEANING,0,107.941
5243,2017-05-21,50,CLEANING,0,107.9
5244,2017-05-22,50,CLEANING,0,110.118
5245,2017-05-23,50,CLEANING,0,113.21
5246,2017-05-24,50,CLEANING,0,142.053
5247,2017-05-25,50,CLEANING,0,64.224
5248,2017-05-26,50,CLEANING,0,105.283
5249,2017-05-27,50,CLEANING,0,86.712
5250,2017-05-28,50,CLEANING,0,125.382
5251,2017-05-29,50,CLEANING,6,139.648
5252,2017-05-30,50,CLEANING,0,140.984
5253,2017-05-31,50,CLEANING,0,108.184
5254,2017-06-01,50,CLEANING,8,159.014
5255,2017-06-02,50,CLEANING,0,121.841
5256,2017-06-03,50,CLEANING,0,112.849
5257,2017-06-04,50,CLEANING,0,112.168
5258,2017-06-05,50,CLEANING,4,187.661
5259,2017-06-06,50,CLEANING,0,83.253
5260,2017-06-07,50,CLEANING,0,95.658
5261,2017-06-08,50,CLEANING,0,98.403
5262,2017-06-09,50,CLEANING,0,91.397
5263,2017-06-10,50,CLEANING,2,146.276
5264,2017-06-11,50,CLEANING,0,158.698
5265,2017-06-12,50,CLEANING,0,98.133
5266,2017-06-13,50,CLEANING,0,93.362
5267,2017-06-14,50,CLEANING,0,113.52
5268,2017-06-15,50,CLEANING,0,135.578
5269,2017-06-16,50,CLEANING,0,120.331
5270,2017-06-17,50,CLEANING,5,146.149
5271,2017-06-18,50,CLEANING,1,122.19
5272,2017-06-19,50,CLEANING,0,124.039
5273,2017-06-20,50,CLEANING,7,121.489
5274,2017-06-21,50,CLEANING,0,98.25
5275,2017-06-22,50,CLEANING,0,78.986
5276,2017-06-23,50,CLEANING,0,107.329
5277,2017-06-24,50,CLEANING,0,117.466
5278,2017-06-25,50,CLEANING,0,89.358
5279,2017-06-26,50,CLEANING,0,69.877
5280,2017-06-27,50,CLEANING,0,153.665
5281,2017-06-28,50,CLEANING,0,119.945
5282,2017-06-29,50,CLEANING,11,177.596
5283,2017-06-30,50,CLEANING,0,149.594
5284,2017-07-01,50,CLEANING,0,132.297
5285,2017-07-02,50,CLEANING,0,112.319
5286,2017-07-03,50,CLEANING,0,100.529
5287,2017-07-04,50,CLEANING,0,95.532
5288,2017-07-05,50,CLEANING,0,103.189
5289,2017-07-06,50,CLEANING,0,108.841
5290,2017-07-07,50,CLEANING,0,154.585
5291,2017-07-08,50,CLEANING,0,103.984
5292,2017-07-09,50,CLEANING,0,92.195
5293,2017-07-10,50,CLEANING,0,100.948
5294,2017-07-11,50,CLEANING,0,97.128
5295,2017-07-12,50,CLEANING,0,89.71
5296,2017-07-13,50,CLEANING,0,91.186
5297,2017-07-14,50,CLEANING,0,86.074
5298,2017-07-15,50,CLEANING,0,168.655
5299,2017-07-16,50,CLEANING,0,92.114
5300,2017-07-17,50,CLEANING,0,120.756
5301,2017-07-18,50,CLEANING,0,104.207
5302,2017-07-19,50,CLEANING,0,130.134
5303,2017-07-20,50,CLEANING,6,130.007
5304,2017-07-21,50,CLEANING,0,105.742
5305,2017-07-22,50,CLEANING,0,116.1
5306,2017-07-23,50,CLEANING,0,124.979
5307,2017-07-24,50,CLEANING,0,118.074
5308,2017-07-25,50,CLEANING,0,85.863
5309,2017-07-26,50,CLEANING,0,70.54
5310,2017-07-27,50,CLEANING,0,85.764
5311,2017-07-28,50,CLEANING,8,211.681
5312,2017-07-29,50,CLEANING,0,100.606
5313,2017-07-30,50,CLEANING,0,139.9
5314,2017-07-31,50,CLEANING,0,122.687
5315,2017-08-01,50,CLEANING,0,105.548
5316,2017-08-02,50,CLEANING,0,127.232
5317,2017-08-03,50,CLEANING,1,138.315
5318,2017-08-04,50,CLEANING,1,113.018
5319,2017-08-05,50,CLEANING,0,140.368
5320,2017-08-06,50,CLEANING,0,139.399
5321,2017-08-07,50,CLEANING,0,96.804
5322,2017-08-08,50,CLEANING,0,127.356
5323,2017-08-09,50,CLEANING,0,93.887
5324,2017-08-10,50,CLEANING,0,117.284
5325,2017-08-11,50,CLEANING,0,136.803
5326,2017-08-12,50,CLEANING,0,140.41
5327,2017-08-13,50,CLEANING,0,116.205
5328,2017-08-14,50,CLEANING,0,144.685
5329,2017-08-15,50,CLEANING,0,158.207
5346,2017-01-01,50,DAIRY,0,191.715
5347,2017-01-02,50,DAIRY,0,114.52
5348,2017-01-03,50,DAIRY,0,113.583
5349,2017-01-04,50,DAIRY,0,150.885
5350,2017-01-05,50,DAIRY,0,212.893
5351,2017-01-06,50,DAIRY,0,139.914
5352,2017-01-07,50,DAIRY,0,166.52
5353,2017-01-08,50,DAIRY,4,234.291
5354,2017-01-09,50,DAIRY,0,150.258
5355,2017-01-10,50,DAIRY,0,170.793
5356,2017-01-11,50,DAIRY,0,159.968
5357,2017-01-12,50,DAIRY,0,200.23
5358,2017-01-13,50,DAIRY,0,166.619
5359,2017-01-14,50,DAIRY,0,206.947
5360,2017-01-15,50,DAIRY,3,223.716
5361,2017-01-16,50,DAIRY,0,96.663
5362,2017-01-17,50,DAIRY,0,117.169
5363,2017-01-18,50,DAIRY,0,170.378
5364,2017-01-19,50,DAIRY,0,141.97
5365,2017-01-20,50,DAIRY,0,172.483
5366,2017-01-21,50,DAIRY,0,175.245
5367,2017-01-22,50,DAIRY,0,133.295
5368,2017-01-23,50,DAIRY,0,180.618
5369,2017-01-24,50,DAIRY,0,120.277
5370,2017-01-25,50,DAIRY,8,311.282
5371,2017-01-26,50,DAIRY,0,167.464
5372,2017-01-27,50,DAIRY,0,154.188
5373,2017-01-28,50,DAIRY,0,236.986
5374,2017-01-29,50,DAIRY,3,151.974
5375,2017-01-30,50,DAIRY,0,123.679
5376,2017-01-31,50,DAIRY,0,180.732
5377,2017-02-01,50,DAIRY,0,148.455
5378,2017-02-02,50,DAIRY,0,168.579
5379,2017-02-03,50,DAIRY,0,192.561
5380,2017-02-04,50,DAIRY,0,182.059
5381,2017-02-05,50,DAIRY,0,184.461
5382,2017-02-06,50,DAIRY,0,137.836
5383,2017-02-07,50,DAIRY,0,175.321
5384,2017-02-08,50,DAIRY,0,125.111
5385,2017-02-09,50,DAIRY,0,138.274
5386,2017-02-10,50,DAIRY,0,157.805
5387,2017-02-11,50,DAIRY,0,131.491
5388,2017-02-12,50,DAIRY,0,107.913
5389,2017-02-13,50,DAIRY,0,168.957
5390,2017-02-14,50,DAIRY,0,103.743
5391,2017-02-15,50,DAIRY,0,144.627
5392,2017-02-16,50,DAIRY,0,121.719
5393,2017-02-17,50,DAIRY,0,208.215
5394,2017-02-18,50,DAIRY,0,171.647
5395,2017-02-19,50,DAIRY,0,154.994
5396,2017-02-20,50,DAIRY,0,127.068
5397,2017-02-21,50,DAIRY,0,166.045
5398,2017-02-22,50,DAIRY,0,118.743
5399,2017-02-23,50,DAIRY,0,240.926
5400,2017-02-24,50,DAIRY,8,290.076
5401,2017-02-25,50,DAIRY,0,157.538
5402,2017-02-26,50,DAIRY,9,313.913
5403,2017-02-27,50,DAIRY,0,216.572
5404,2017-02-28,50,DAIRY,0,242.557
5405,2017-03-01,50,DAIRY,0,130.51
5406,2017-03-02,50,DAIRY,0,230.948
5407,2017-03-03,50,DAIRY,5,269.449
5408,2017-03-04,50,DAIRY,0,164.595
5409,2017-03-05,50,DAIRY,10,218.869
5410,2017-03-06,50,DAIRY,0,145.772
5411,2017-03-07,50,DAIRY,8,210.651
5412,2017-03-08,50,DAIRY,0,152.566
5413,2017-03-09,50,DAIRY,0,165.343
5414,2017-03-10,50,DAIRY,11,309.626
5415,2017-03-11,50,DAIRY,0,149.724
5416,2017-03-12,50,DAIRY,0,146.82
5417,2017-03-13,50,DAIRY,0,175.413
5418,2017-03-14,50,DAIRY,1,126.537
5419,2017-03-15,50,DAIRY,0,219.377
5420,2017-03-16,50,DAIRY,0,130.177
5421,2017-03-17,50,DAIRY,0,239.853
5422,2017-03-18,50,DAIRY,0,166.165
5423,2017-03-19,50,DAIRY,1,158.638
5424,2017-03-20,50,DAIRY,0,169.925
5425,2017-03-21,50,DAIRY,0,117.78
5426,2017-03-22,50,DAIRY,0,142.364
5427,2017-03-23,50,DAIRY,0,232.391
5428,2017-03-24,50,DAIRY,0,136.235
5429,2017-03-25,50,DAIRY,0,148.404
5430,2017-03-26,50,DAIRY,0,167.965
5431,2017-03-27,50,DAIRY,0,141.59
5432,2017-03-28,50,DAIRY,0,136.105
5433,2017-03-29,50,DAIRY,3,162.036
5434,2017-03-30,50,DAIRY,0,173.524
5435,2017-03-31,50,DAIRY,0,192.033
5436,2017-04-01,50,DAIRY,0,144.339
5437,2017-04-02,50,DAIRY,0,144.821
5438,2017-04-03,50,DAIRY,5,164.263
5439,2017-04-04,50,DAIRY,0,132.748
5440,2017-04-05,50,DAIRY,0,125.552
5441,2017-04-06,50,DAIRY,0,166.749
5442,2017-04-07,50,DAIRY,0,255.551
5443,2017-04-08,50,DAIRY,0,128.614
5444,2017-04-09,50,DAIRY,0,166.667
5445,2017-04-10,50,DAIRY,0,157.192
5446,2017-04-11,50,DAIRY,0,153.324
5447,2017-04-12,50,DAIRY,10,307.05
5448,2017-04-13,50,DAIRY,0,224.551
5449,2017-04-14,50,DAIRY,0,181.432
5450,2017-04-15,50,DAIRY,0,210.903
5451,2017-04-16,50,DAIRY,0,145.044
5452,2017-04-17,50,DAIRY,0,155.56
5453,2017-04-18,50,DAIRY,0,133.356
5454,2017-04-19,50,DAIRY,0,144.109
5455,2017-04-20,50,DAIRY,0,155.999
5456,2017-04-21,50,DAIRY,0,188.735
5457,2017-04-22,50,DAIRY,0,158.134
5458,2017-04-23,50,DAIRY,0,158.203
5459,2017-04-24,50,DAIRY,0,150.452
5460,2017-04-25,50,DAIRY,0,116.987
5461,2017-04-26,50,DAIRY,0,124.815
5462,2017-04-27,50,DAIRY,0,120.828
5463,2017-04-28,50,DAIRY,1,192.833
5464,2017-04-29,50,DAIRY,0,141.266
5465,2017-04-30,50,DAIRY,5,266.132
5466,2017-05-01,50,DAIRY,0,195.585
5467,2017-05-02,50,DAIRY,0,132.595
5468,2017-05-03,50,DAIRY,0,118.152
5469,2017-05-04,50,DAIRY,0,190.111
5470,2017-05-05,50,DAIRY,0,150.843
5471,2017-05-06,50,DAIRY,0,172.897
5472,2017-05-07,50,DAIRY,4,164.789
5473,2017-05-08,50,DAIRY,0,169.979
5474,2017-05-09,50,DAIRY,0,103.695
5475,2017-05-10,50,DAIRY,0,152.86
5476,2017-05-11,50,DAIRY,0,168.065
5477,2017-05-12,50,DAIRY,0,174.157
5478,2017-05-13,50,DAIRY,0,171.573
5479,2017-05-14,50,DAIRY,8,165.091
5480,2017-05-15,50,DAIRY,0,170.885
5481,2017-05-16,50,DAIRY,0,160.664
5482,2017-05-17,50,DAIRY,0,136.574
5483,2017-05-18,50,DAIRY,0,210.189
5484,2017-05-19,50,DAIRY,0,186.167
5485,2017-05-20,50,DAIRY,0,263.766
5486,2017-05-21,50,DAIRY,0,135.772
5487,2017-05-22,50,DAIRY,0,139.749
5488,2017-05-23,50,DAIRY,0,145.924
5489,2017-05-24,50,DAIRY,0,205.984
5490,2017-05-25,50,DAIRY,0,180.517
5491,2017-05-26,50,DAIRY,0,144.797
5492,2017-05-27,50,DAIRY,0,177.611
5493,2017-05-28,50,DAIRY,11,271.833
5494,2017-05-29,50,DAIRY,8,185.416
5495,2017-05-30,50,DAIRY,0,140.504
5496,2017-05-31,50,DAIRY,0,210.681
5497,2017-06-01,50,DAIRY,0,151.2
5498,2017-06-02,50,DAIRY,0,149.077
5499,2017-06-03,50,DAIRY,0,155.479
5500,2017-06-04,50,DAIRY,6,232.223
5501,2017-06-05,50,DAIRY,0,128.305
5502,2017-06-06,50,DAIRY,8,227.984
5503,2017-06-07,50,DAIRY,0,179.46
5504,2017-06-08,50,DAIRY,0,179.367
5505,2017-06-09,50,DAIRY,0,129.364
5506,2017-06-10,50,DAIRY,0,149.515
5507,2017-06-11,50,DAIRY,0,186.653
5508,2017-06-12,50,DAIRY,0,189.083
5509,2017-06-13,50,DAIRY,0,131.966
5510,2017-06-14,50,DAIRY,0,145.67
5511,2017-06-15,50,DAIRY,0,169.362
5512,2017-06-16,50,DAIRY,0,153.193
5513,2017-06-17,50,DAIRY,0,184.59
5514,2017-06-18,50,DAIRY,4,225.704
5515,2017-06-19,50,DAIRY,0,140.226
5516,2017-06-20,50,DAIRY,0,142.32
5517,2017-06-21,50,DAIRY,0,161.143
5518,2017-06-22,50,DAIRY,0,194.194
5519,2017-06-23,50,DAIRY,0,158.082
5520,2017-06-24,50,DAIRY,0,210.0
5521,2017-06-25,50,DAIRY,11,225.392
5522,2017-06-26,50,DAIRY,0,184.54
5523,2017-06-27,50,DAIRY,0,123.595
5524,2017-06-28,50,DAIRY,0,146.926
5525,2017-06-29,50,DAIRY,0,198.686
5526,2017-06-30,50,DAIRY,0,163.474
5527,2017-07-01,50,DAIRY,0,219.771
5528,2017-07-02,50,DAIRY,0,132.783
5529,2017-07-03,50,DAIRY,0,141.817
5530,2017-07-04,50,DAIRY,0,207.926
5531,2017-07-05,50,DAIRY,0,148.972
5532,2017-07-06,50,DAIRY,0,153.258
5533,2017-07-07,50,DAIRY,5,243.064
5534,2017-07-08,50,DAIRY,0,194.205
5535,2017-07-09,50,DAIRY,0,163.395
5536,2017-07-10,50,DAIRY,0,150.313
5537,2017-07-11,50,DAIRY,0,133.024
5538,2017-07-12,50,DAIRY,0,145.737
5539,2017-07-13,50,DAIRY,3,232.603
5540,2017-07-14,50,DAIRY,0,156.151
5541,2017-07-15,50,DAIRY,0,140.741
5542,2017-07-16,50,DAIRY,0,131.285
5543,2017-07-17,50,DAIRY,0,126.821
5544,2017-07-18,50,DAIRY,0,156.912
5545,2017-07-19,50,DAIRY,0,145.795
5546,2017-07-20,50,DAIRY,0,239.065
5547,2017-07-21,50,DAIRY,0,202.776
5548,2017-07-22,50,DAIRY,0,153.271
5549,2017-07-23,50,DAIRY,0,132.362
5550,2017-07-24,50,DAIRY,0,145.117
5551,2017-07-25,50,DAIRY,0,131.968
5552,2017-07-26,50,DAIRY,0,155.752
5553,2017-07-27,50,DAIRY,2,157.909
5554,2017-07-28,50,DAIRY,0,141.5
5555,2017-07-29,50,DAIRY,0,168.283
5556,2017-07-30,50,DAIRY,0,214.71
5557,2017-07-31,50,DAIRY,0,144.218
5558,2017-08-01,50,DAIRY,0,119.334
5559,2017-08-02,50,DAIRY,0,176.649
5560,2017-08-03,50,DAIRY,0,150.512
5561,2017-08-04,50,DAIRY,0,137.46
5562,2017-08-05,50,DAIRY,6,242.673
5563,2017-08-06,50,DAIRY,0,194.026
5564,2017-08-07,50,DAIRY,9,178.498
5565,2017-08-08,50,DAIRY,0,150.577
5566,2017-08-09,50,DAIRY,0,197.401
5567,2017-08-10,50,DAIRY,0,206.37
5568,2017-08-11,50,DAIRY,0,167.151
5569,2017-08-12,50,DAIRY,0,145.798
5570,2017-08-13,50,DAIRY,0,130.25
5571,2017-08-14,50,DAIRY,0,146.693
5572,2017-08-15,50,DAIRY,0,175.535
5589,2017-01-01,50,BREAD/BAKERY,0,97.568
5590,2017-01-02,50,BREAD/BAKERY,0,91.19
5591,2017-01-03,50,BREAD/BAKERY,0,107.655
5592,2017-01-04,50,BREAD/BAKERY,0,87.325
5593,2017-01-05,50,BREAD/BAKERY,4,86.956
5594,2017-01-06,50,BREAD/BAKERY,0,87.974
5595,2017-01-07,50,BREAD/BAKERY,0,83.135
5596,2017-01-08,50,BREAD/BAKERY,0,91.59
5597,2017-01-09,50,BREAD/BAKERY,0,99.522
5598,2017-01-10,50,BREAD/BAKERY,0,81.143
5599,2017-01-11,50,BREAD/BAKERY,0,106.702
5600,2017-01-12,50,BREAD/BAKERY,0,104.332
5601,2017-01-13,50,BREAD/BAKERY,0,88.791
5602,2017-01-14,50,BREAD/BAKERY,0,79.758
5603,2017-01-15,50,BREAD/BAKERY,0,96.777
5604,2017-01-16,50,BREAD/BAKERY,0,104.106
5605,2017-01-17,50,BREAD/BAKERY,0,84.038
5606,2017-01-18,50,BREAD/BAKERY,0,90.701
5607,2017-01-19,50,BREAD/BAKERY,0,68.408
5608,2017-01-20,50,BREAD/BAKERY,0,91.791
5609,2017-01-21,50,BREAD/BAKERY,0,87.166
5610,2017-01-22,50,BREAD/BAKERY,0,87.099
5611,2017-01-23,50,BREAD/BAKERY,0,72.275
5612,2017-01-24,50,BREAD/BAKERY,0,100.505
5613,2017-01-25,50,BREAD/BAKERY,0,78.915
5614,2017-01-26,50,BREAD/BAKERY,6,113.784
5615,2017-01-27,50,BREAD/BAKERY,0,63.443
5616,2017-01-28,50,BREAD/BAKERY,1,76.631
5617,2017-01-29,50,BREAD/BAKERY,0,102.311
5618,2017-01-30,50,BREAD/BAKERY,0,94.156
5619,2017-01-31,50,BREAD/BAKERY,0,110.416
5620,2017-02-01,50,BREAD/BAKERY,0,100.66
5621,2017-02-02,50,BREAD/BAKERY,0,95.128
5622,2017-02-03,50,BREAD/BAKERY,0,101.241
5623,2017-02-04,50,BREAD/BAKERY,0,60.185
5624,2017-02-05,50,BREAD/BAKERY,0,111.506
5625,2017-02-06,50,BREAD/BAKERY,0,92.15
5626,2017-02-07,50,BREAD/BAKERY,0,84.191
5627,2017-02-08,50,BREAD/BAKERY,0,58.888
5628,2017-02-09,50,BREAD/BAKERY,0,92.654
5629,2017-02-10,50,BREAD/BAKERY,0,82.54
5630,2017-02-11,50,BREAD/BAKERY,0,78.054
5631,2017-02-12,50,BREAD/BAKERY,1,91.004
5632,2017-02-13,50,BREAD/BAKERY,0,95.944
5633,2017-02-14,50,BREAD/BAKERY,0,92.346
5634,2017-02-15,50,BREAD/BAKERY,0,106.917
5635,2017-02-16,50,BREAD/BAKERY,0,112.13
5636,2017-02-17,50,BREAD/BAKERY,0,63.857
5637,2017-02-18,50,BREAD/BAKERY,0,76.604
5638,2017-02-19,50,BREAD/BAKERY,7,164.967
5639,2017-02-20,50,BREAD/BAKERY,0,115.879
5640,2017-02-21,50,BREAD/BAKERY,0,106.558
5641,2017-02-22,50,BREAD/BAKERY,0,93.632
5642,2017-02-23,50,BREAD/BAKERY,0,60.389
5643,2017-02-24,50,BREAD/BAKERY,0,55.303
5644,2017-02-25,50,BREAD/BAKERY,0,61.423
5645,2017-02-26,50,BREAD/BAKERY,0,72.543
5646,2017-02-27,50,BREAD/BAKERY,0,111.011
5647,2017-02-28,50,BREAD/BAKERY,0,131.453
5648,2017-03-01,50,BREAD/BAKERY,0,112.193
5649,2017-03-02,50,BREAD/BAKERY,0,104.104
5650,2017-03-03,50,BREAD/BAKERY,0,61.981
5651,2017-03-04,50,BREAD/BAKERY,0,76.965
5652,2017-03-05,50,BREAD/BAKERY,7,121.546
5653,2017-03-06,50,BREAD/BAKERY,0,90.764
5654,2017-03-07,50,BREAD/BAKERY,0,99.86
5655,2017-03-08,50,BREAD/BAKERY,0,93.246
5656,2017-03-09,50,BREAD/BAKERY,0,67.693
5657,2017-03-10,50,BREAD/BAKERY,0,77.476
5658,2017-03-11,50,BREAD/BAKERY,7,127.477
5659,2017-03-12,50,BREAD/BAKERY,0,70.436
5660,2017-03-13,50,BREAD/BAKERY,0,84.429
5661,2017-03-14,50,BREAD/BAKERY,0,78.117
5662,2017-03-15,50,BREAD/BAKERY,0,144.854
5663,2017-03-16,50,BREAD/BAKERY,0,66.343
5664,2017-03-17,50,BREAD/BAKERY,0,85.987
5665,2017-03-18,50,BREAD/BAKERY,0,69.181
5666,2017-03-19,50,BREAD/BAKERY,0,69.213
5667,2017-03-20,50,BREAD/BAKERY,10,206.302
5668,2017-03-21,50,BREAD/BAKERY,5,87.255
5669,2017-03-22,50,BREAD/BAKERY,0,110.962
5670,2017-03-23,50,BREAD/BAKERY,0,75.444
5671,2017-03-24,50,BREAD/BAKERY,0,73.456
5672,2017-03-25,50,BREAD/BAKERY,0,80.017
5673,2017-03-26,50,BREAD/BAKERY,0,86.163
5674,2017-03-27,50,BREAD/BAKERY,0,81.174
5675,2017-03-28,50,BREAD/BAKERY,0,119.72
5676,2017-03-29,50,BREAD/BAKERY,2,71.898
5677,2017-03-30,50,BREAD/BAKERY,3,116.275
5678,2017-03-31,50,BREAD/BAKERY,0,92.682
5679,2017-04-01,50,BREAD/BAKERY,0,73.873
5680,2017-04-02,50,BREAD/BAKERY,0,76.574
5681,2017-04-03,50,BREAD/BAKERY,0,88.572
5682,2017-04-04,50,BREAD/BAKERY,9,221.547
5683,2017-04-05,50,BREAD/BAKERY,0,93.265
5684,2017-04-06,50,BREAD/BAKERY,0,67.93
5685,2017-04-07,50,BREAD/BAKERY,3,78.533
5686,2017-04-08,50,BREAD/BAKERY,0,79.198
5687,2017-04-09,50,BREAD/BAKERY,0,73.009
5688,2017-04-10,50,BREAD/BAKERY,0,95.048
5689,2017-04-11,50,BREAD/BAKERY,5,178.828
5690,2017-04-12,50,BREAD/BAKERY,0,107.602
5691,2017-04-13,50,BREAD/BAKERY,0,82.085
5692,2017-04-14,50,BREAD/BAKERY,0,92.607
5693,2017-04-15,50,BREAD/BAKERY,0,98.602
5694,2017-04-16,50,BREAD/BAKERY,0,74.55
5695,2017-04-17,50,BREAD/BAKERY,0,96.7
5696,2017-04-18,50,BREAD/BAKERY,0,94.174
5697,2017-04-19,50,BREAD/BAKERY,0,99.89
5698,2017-04-20,50,BREAD/BAKERY,0,76.317
5699,2017-04-21,50,BREAD/BAKERY,5,93.564
5700,2017-04-22,50,BREAD/BAKERY,0,83.724
5701,2017-04-23,50,BREAD/BAKERY,0,84.893
5702,2017-04-24,50,BREAD/BAKERY,0,85.752
5703,2017-04-25,50,BREAD/BAKERY,0,92.036
5704,2017-04-26,50,BREAD/BAKERY,0,98.275
5705,2017-04-27,50,BREAD/BAKERY,0,51.424
5706,2017-04-28,50,BREAD/BAKERY,0,70.519
5707,2017-04-29,50,BREAD/BAKERY,0,69.056
5708,2017-04-30,50,BREAD/BAKERY,0,90.296
5709,2017-05-01,50,BREAD/BAKERY,0,148.966
5710,2017-05-02,50,BREAD/BAKERY,0,116.243
5711,2017-05-03,50,BREAD/BAKERY,0,81.522
5712,2017-05-04,50,BREAD/BAKERY,0,71.635
5713,2017-05-05,50,BREAD/BAKERY,0,62.227
5714,2017-05-06,50,BREAD/BAKERY,5,132.783
5715,2017-05-07,50,BREAD/BAKERY,0,95.931
5716,2017-05-08,50,BREAD/BAKERY,1,99.741
5717,2017-05-09,50,BREAD/BAKERY,0,78.683
5718,2017-05-10,50,BREAD/BAKERY,0,77.354
5719,2017-05-11,50,BREAD/BAKERY,3,104.433
5720,2017-05-12,50,BREAD/BAKERY,0,75.788
5721,2017-05-13,50,BREAD/BAKERY,0,80.653
5722,2017-05-14,50,BREAD/BAKERY,4,76.209
5723,2017-05-15,50,BREAD/BAKERY,0,118.667
5724,2017-05-16,50,BREAD/BAKERY,0,92.76
5725,2017-05-17,50,BREAD/BAKERY,10,193.616
5726,2017-05-18,50,BREAD/BAKERY,0,78.964
5727,2017-05-19,50,BREAD/BAKERY,0,77.713
5728,2017-05-20,50,BREAD/BAKERY,0,108.486
5729,2017-05-21,50,BREAD/BAKERY,0,59.383
5730,2017-05-22,50,BREAD/BAKERY,0,76.073
5731,2017-05-23,50,BREAD/BAKERY,0,87.361
5732,2017-05-24,50,BREAD/BAKERY,0,96.69
5733,2017-05-25,50,BREAD/BAKERY,0,67.074
5734,2017-05-26,50,BREAD/BAKERY,0,118.134
5735,2017-05-27,50,BREAD/BAKERY,0,74.817
5736,2017-05-28,50,BREAD/BAKERY,0,74.147
5737,2017-05-29,50,BREAD/BAKERY,0,125.1
5738,2017-05-30,50,BREAD/BAKERY,0,75.837
5739,2017-05-31,50,BREAD/BAKERY,0,96.907
5740,2017-06-01,50,BREAD/BAKERY,0,68.444
5741,2017-06-02,50,BREAD/BAKERY,0,65.613
5742,2017-06-03,50,BREAD/BAKERY,0,73.535
5743,2017-06-04,50,BREAD/BAKERY,0,97.286
5744,2017-06-05,50,BREAD/BAKERY,0,123.33
5745,2017-06-06,50,BREAD/BAKERY,0,87.187
5746,2017-06-07,50,BREAD/BAKERY,0,89.257
5747,2017-06-08,50,BREAD/BAKERY,0,80.367
5748,2017-06-09,50,BREAD/BAKERY,0,91.896
5749,2017-06-10,50,BREAD/BAKERY,0,84.519
5750,2017-06-11,50,BREAD/BAKERY,0,96.281
5751,2017-06-12,50,BREAD/BAKERY,1,119.989
5752,2017-06-13,50,BREAD/BAKERY,0,133.052
5753,2017-06-14,50,BREAD/BAKERY,0,85.014
5754,2017-06-15,50,BREAD/BAKERY,3,79.159
5755,2017-06-16,50,BREAD/BAKERY,0,61.517
5756,2017-06-17,50,BREAD/BAKERY,4,122.852
5757,2017-06-18,50,BREAD/BAKERY,0,73.821
5758,2017-06-19,50,BREAD/BAKERY,0,81.523
5759,2017-06-20,50,BREAD/BAKERY,0,96.484
5760,2017-06-21,50,BREAD/BAKERY,0,73.137
5761,2017-06-22,50,BREAD/BAKERY,1,93.685
5762,2017-06-23,50,BREAD/BAKERY,0,69.879
5763,2017-06-24,50,BREAD/BAKERY,0,109.552
5764,2017-06-25,50,BREAD/BAKERY,0,91.068
5765,2017-06-26,50,BREAD/BAKERY,10,145.204
5766,2017-06-27,50,BREAD/BAKERY,0,73.903
5767,2017-06-28,50,BREAD/BAKERY,0,78.83
5768,2017-06-29,50,BREAD/BAKERY,0,83.468
5769,2017-06-30,50,BREAD/BAKERY,6,144.565
5770,2017-07-01,50,BREAD/BAKERY,0,74.025
5771,2017-07-02,50,BREAD/BAKERY,0,66.158
5772,2017-07-03,50,BREAD/BAKERY,0,91.547
5773,2017-07-04,50,BREAD/BAKERY,0,82.593
5774,2017-07-05,50,BREAD/BAKERY,0,73.144
5775,2017-07-06,50,BREAD/BAKERY,0,82.32
5776,2017-07-07,50,BREAD/BAKERY,0,73.481
5777,2017-07-08,50,BREAD/BAKERY,0,89.956
5778,2017-07-09,50,BREAD/BAKERY,0,92.303
5779,2017-07-10,50,BREAD/BAKERY,7,128.952
5780,2017-07-11,50,BREAD/BAKERY,0,101.211
5781,2017-07-12,50,BREAD/BAKERY,0,70.335
5782,2017-07-13,50,BREAD/BAKERY,0,62.855
5783,2017-07-14,50,BREAD/BAKERY,0,101.708
5784,2017-07-15,50,BREAD/BAKERY,0,74.181
5785,2017-07-16,50,BREAD/BAKERY,0,68.165
5786,2017-07-17,50,BREAD/BAKERY,0,99.098
5787,2017-07-18,50,BREAD/BAKERY,0,96.071
5788,2017-07-19,50,BREAD/BAKERY,5,140.597
5789,2017-07-20,50,BREAD/BAKERY,0,89.906
5790,2017-07-21,50,BREAD/BAKERY,0,96.618
5791,2017-07-22,50,BREAD/BAKERY,0,69.752
5792,2017-07-23,50,BREAD/BAKERY,0,69.615
5793,2017-07-24,50,BREAD/BAKERY,0,101.653
5794,2017-07-25,50,BREAD/BAKERY,11,165.905
5795,2017-07-26,50,BREAD/BAKERY,0,105.732
5796,2017-07-27,50,BREAD/BAKERY,0,93.215
5797,2017-07-28,50,BREAD/BAKERY,0,119.793
5798,2017-07-29,50,BREAD/BAKERY,0,65.179
5799,2017-07-30,50,BREAD/BAKERY,0,80.101
5800,2017-07-31,50,BREAD/BAKERY,0,132.957
5801,2017-08-01,50,BREAD/BAKERY,2,80.885
5802,2017-08-02,50,BREAD/BAKERY,0,69.705
5803,2017-08-03,50,BREAD/BAKERY,0,68.638
5804,2017-08-04,50,BREAD/BAKERY,10,120.873
5805,2017-08-05,50,BREAD/BAKERY,0,92.186
5806,2017-08-06,50,BREAD/BAKERY,0,88.553
5807,2017-08-07,50,BREAD/BAKERY,0,100.85
5808,2017-08-08,50,BREAD/BAKERY,4,87.893
5809,2017-08-09,50,BREAD/BAKERY,0,92.926
5810,2017-08-10,50,BREAD/BAKERY,5,113.393
5811,2017-08-11,50,BREAD/BAKERY,0,64.57
5812,2017-08-12,50,BREAD/BAKERY,0,83.418
5813,2017-08-13,50,BREAD/BAKERY,0,72.124
5814,2017-08-14,50,BREAD/BAKERY,0,69.156
5815,2017-08-15,50,BREAD/BAKERY,0,125.995
